,申請案號,執行醫院,計畫狀態,細胞治療項目,適應症,適應症詳述,醫療機構規模,醫療機構所在行政區,醫療機構地址,連絡資訊,全部操作醫師,費用說明,費用收取方式,計畫書核准期間（起日）,計畫書核准期間（迄日）,細胞製備場所,細胞製備場地址,"                                    附檔                                ",
0,本網站資訊為廠商自主登錄，如有疑問請聯繫spm-taiwan@cde.org.tw,,,,,,,,,,,,,,,,,,
1,107DOMA001,三軍總醫院附設民眾診療服務處,執行中 (Ongoing),自體免疫細胞治療- CIK,血液惡性腫瘤經標準治療無效,血液惡性腫瘤，經標準治療無效；癌症別：惡性淋巴瘤(malignant lymphoma)、華氏巨球蛋白血症(Waldenstrom’s macroglobulinemia)、多發性骨髓癌(multiple myeloma),醫學中心 Medical Center,臺北市,臺北市內湖區成功路二段325號,https://www.tsgh.ndmctsgh.edu.tw/02-87923311轉3417302-87923311轉17140電子郵件	ctc-tsgh@mail.ndmctsgh.edu.twhochingliang@yahoo.com.tw,何景良、陳宇欽、戴明燊、張平穎、吳宜穎、黃子權、陳佳宏、葉人華、賴學緯,【Ａ方案】：含第一階段6針，新臺幣180萬元整；第二階段8針，新臺幣240萬元整。 【Ｂ方案】：含第一階段8針，新臺幣240萬元整；第二階段8針，新臺幣240萬元整。【追加方案】：含6針，新臺幣180萬元整。,"收費方式:1.細胞治療針劑費單針費用為新臺幣30萬元整,包含培養技術費24萬元整與品質成效費6萬元整, 療程收費方式，詳如療程說明暨自願付費同意書。2.培養技術費24萬元整包含本中心醫療服務、實驗 室細胞製備等費用，採單次抽血培養收取培養技術 費，需於每次針劑抽血前繳交。3.品質成效費於療程結束後進行評估，以確保病患對療程品質之成效，且由醫師進行評估，於療程階段 完成後，依照評量結果統一收取，若療程中斷則不 收取累積之品質成效費(說明：若選擇方案A，於施打療程最後1針結束後評估，進行繳交共6針品質成效費用36萬元整)。4.經由醫師給予專業建議及討論後，病患可自行選擇 療程方案，療程分為A方案、B方案及追加方案：【Ａ方案】：含第一階段6針，新臺幣180萬元整；第二階段8針，新臺幣240萬元整。 【Ｂ方案】：含第一階段8針，新臺幣240萬元整；第二階段8針，新臺幣240萬元整。【追加方案】：含6針，新臺幣180萬元整。特殊狀況處理:1.療程中斷: 如有下方所述之特殊狀況，導致療程中斷，則不收取所累積之品質成效費。(1)病患個人因素未能完成療程(例如:自行中斷治療、自願退出治療)。 (2)不可避免事件(例如:因病情無法繼續 治療、疾病因素導致之併發症、篩選 期到第一針細胞治療開始前惡化無法 治療、發生嚴重不良反應或療程期間 死亡)。 2.療程未中斷: 如有下方所述之特殊狀況，下次細胞治療 針劑之費用，僅酌培養技術費210,000元，另不收取該次品質成效費。 (1)病患細胞狀況，造成細胞製備場所無 法培養規格數量。 (2)細胞治療針劑成品，無法達允收標準 造成產品不放行。 3.如有下方所述之特殊狀況，下次細胞治療 針劑，僅酌培養技術費90,000，另不 收取該次品質成效費。 (1)操作醫師評估後判定病患身體狀況不適合施打。 (2)無法預期之天災。 4.細胞治療技術計畫中斷: 如遇有經中央主管機關停止或終止本細 胞治療技術計畫之情形，所以於計畫治療中之病人將全額退費 。",2019/05/03,2022/05/02,長春藤細胞培養處理中心,,,
2,107DOMA002,中國醫藥大學附設醫院,執行中 (Ongoing),自體免疫細胞治療- DC,實體癌第四期,實體癌第四期；癌症別：多型性膠質母細胞瘤及續發性腦瘤、上皮性卵巢癌、胰臟癌、攝護腺癌、頭頸癌、肝癌、乳癌、大腸直腸癌。,醫學中心 Medical Center,臺中市,台中市北區育德路二號〈詳如背面說明〉,"https://www.cmuh.cmu.edu.tw/04-22052121分機5196, 5197question@mail.cmuh.org.tw",1.多型性膠質母細胞瘤及續發性腦瘤：周德陽、李漢忠、陳春忠、邱正迪、劉俊麟、蕭奕翰、郭政宏、洪誠澤、陳肇烜、鄭宇凱、魏嵩泰、林宏霖、楊世能、郭于誠、趙坤山。2.上皮性卵巢癌：洪耀欽、葉聯舜、張穎宜、張維君、林武周、陳慧毅、陳尚文、郭于誠、趙坤山。3.胰臟癌：楊美都、蔡明宏、陳其敬、葉俊杰、陳德鴻、白禮源、賴學洲、陳浤耀、楊其穎、蔡宗佑、郭于誠、趙坤山、楊宏仁、許士超、陳聖賢。4.攝護腺癌：黃志平、吳錫金、楊啟瑞、張兆祥、陳國樑、謝博帆、梁基安、賴宥良、郭于誠。5.頭頸癌：鄒永恩、蔡銘修、花俊宏、盧建吉、詹日全、謝清昀、連銘渝、林精湛、趙坤山、王耀慶、楊世能、朱俊男、陳姿婷、郭于誠。6.肝癌：許偉帆、鄭隆賓、葉俊杰、陳德鴻、賴學洲、彭成元、王鴻偉、莊伯恆、蕭望德、陳浤耀、高榮達、楊其穎、蔡宗佑、林膺峻、陳尚文、郭于誠、趙坤山、楊宏仁、許士超、陳聖賢。7.乳癌：吳建廷、劉良智、陳芝蓉、吳耀充、郭于誠、邱昌芳、蔡明宏、趙坤山、朱俊男、賴宥良、梁基安。8.大腸直腸癌：張伸吉、陳奕彰、趙坤山、郭于誠、簡君儒。,一個療程10劑，共收取180萬元,(1) 擬訂總收費金額為180萬，然預定療程仍可能因後續之病情變化或治療效果而有所調     整。實際收費採每項目按實際進度收費。(2) 疫苗製作材料既檢測費(含腫瘤收取培養及血液分離術收集培養):30萬元。(3) 疫苗施打收費：依施打劑數收費。     第1-4劑:每劑20萬元     第5-6劑:每劑15萬元     第7-8劑:每劑10萬元     第9-10劑:每劑7.5萬元 (4) 末期款： PFS、OS、QoL其中一項評估指標改善即收末期款5萬。(5)退費原則：若疫苗輸注當天，已經個管師確認病患能如期施打並通知長聖細胞製劑廠進        行疫苗解凍，後又因病患個人因素無法於解凍後48小時內進行施打，將依照產品存放標       準銷毀該次之疫苗，亦比照上圖說 明之收費；如醫師判定為非病患個人因素而無法施打        者 ，則退費歸還每劑費用。,2019/05/15,2022/05/14,長聖生技中科細胞製劑廠,,,
3,108DOMA003,三軍總醫院附設民眾診療服務處,執行中 (Ongoing),自體免疫細胞治療- CIK,實體癌第四期,實體癌第四期；癌症別：肝癌、肺癌,醫學中心 Medical Center,臺北市,臺北市內湖區成功路二段325號,https://www.tsgh.ndmctsgh.edu.tw/02-87923311轉3417302-87923311轉17140電子郵件	ctc-tsgh@mail.ndmctsgh.edu.twhochingliang@yahoo.com.tw,何景良、陳宇欽、戴明燊、張平穎、吳宜穎、黃子權、陳佳宏、葉人華、賴學緯、彭萬誠、蔡鎮良、簡志峰、謝宗保、謝財源,【Ａ方案】：含第一階段6針，新臺幣180萬元整；第二階段8針，新臺幣240萬元整。 【Ｂ方案】：含第一階段8針，新臺幣240萬元整；第二階段8針，新臺幣240萬元整。【追加方案】：含6針，新臺幣180萬元整。,"收費方式:1.細胞治療針劑費單針費用為新臺幣30萬元整,包含培養技術費24萬元整與品質成效費6萬元整, 療程收費方式，詳如療程說明暨自願付費同意書。2.培養技術費24萬元整包含本中心醫療服務、實驗 室細胞製備等費用，採單次抽血培養收取培養技術 費，需於每次針劑抽血前繳交。3.品質成效費於療程結束後進行評估，以確保病患對療程品質之成效，且由醫師進行評估，於療程階段 完成後，依照評量結果統一收取，若療程中斷則不 收取累積之品質成效費(說明：若選擇方案A，於施打療程最後1針結束後評估，進行繳交共6針品質成效費用36萬元整)。4.經由醫師給予專業建議及討論後，病患可自行選擇 療程方案，療程分為A方案、B方案及追加方案：【Ａ方案】：含第一階段6針，新臺幣180萬元整；第二階段8針，新臺幣240萬元整。 【Ｂ方案】：含第一階段8針，新臺幣240萬元整；第二階段8針，新臺幣240萬元整。【追加方案】：含6針，新臺幣180萬元整。特殊狀況處理:1.療程中斷: 如有下方所述之特殊狀況，導致療程中斷，則不收取所累積之品質成效費。(1)病患個人因素未能完成療程(例如:自行中斷治療、自願退出治療)。 (2)不可避免事件(例如:因病情無法繼續 治療、疾病因素導致之併發症、篩選 期到第一針細胞治療開始前惡化無法 治療、發生嚴重不良反應或療程期間 死亡)。 2.療程未中斷: 如有下方所述之特殊狀況，下次細胞治療 針劑之費用，僅酌培養技術費210,000，另不收取該次品質成效費。 (1)病患細胞狀況，造成細胞製備場所無 法培養規格數量。 (2)細胞治療針劑成品，無法達允收標準 造成產品不放行。 3.如有下方所述之特殊狀況，下次細胞治療 針劑，僅酌培養技術費90,000，另不收取該次品質成效費。 (1)操作醫師評估後判定病患身體狀況不適合施打。 (2)無法預期之天災。 4.細胞治療技術計畫中斷: 如遇有經中央主管機關停止或終止本細 胞治療技術計畫之情形，所以於計畫治療中之病人將全額退費 。",2019/07/22,2022/05/02,長春藤細胞培養處理中心,,,
4,衛教資訊,,,,,,,,,,,,,,,,,,
5,107DOMA006,中國醫藥大學附設醫院,執行中 (Ongoing),自體免疫細胞治療- DC,第一至第三期實體癌，經標準治療無效,第一至第三期實體癌，經標準治療無效；癌症別：第一至二級低度膠質細胞瘤和第三級高度惡性膠質瘤、上皮性卵巢癌、胰臟癌、攝護腺癌、頭頸癌、肝癌、乳癌、大腸直腸癌,醫學中心 Medical Center,臺中市,台中市北區育德路二號,"https://www.cmuh.cmu.edu.tw/04-22052121分機5196, 5197question@mail.cmuh.org.tw",1. 多型性膠質母細胞瘤及續發性腦瘤：周德陽、李漢忠、陳春忠、邱正迪、劉俊麟、蕭奕翰、郭政宏、洪誠澤、陳肇烜、鄭宇凱、魏嵩泰、林宏霖、楊世能、郭于誠2. 上皮性卵巢癌：洪耀欽、葉聯舜、張穎宜、張維君、林武周、陳慧毅、陳尚文、郭于誠3. 胰臟癌：楊美都、蔡明宏、陳其敬、葉俊杰、陳德鴻、白禮源、賴學洲、陳浤耀、楊其穎、蔡宗佑、郭于誠4. 攝護腺癌：楊啟瑞、張兆祥、陳國樑、謝博帆、梁基安、賴宥良、郭于誠5. 頭頸癌：鄒永恩、蔡銘修、花俊宏、盧建吉、詹日全、謝清昀、連銘渝、林精湛、趙坤山、王耀慶、楊世能、朱俊男、陳姿婷、郭于誠6. 肝癌：許偉帆、鄭隆賓、葉俊杰、陳德鴻、賴學洲、彭成元、王鴻偉、莊伯恆、蕭望德、陳浤耀、高榮達、楊其穎、蔡宗佑、林膺峻、陳尚文、郭于誠7. 乳癌：吳建廷、劉良智、陳芝蓉、吳耀充、郭于誠、邱昌芳、趙坤山、朱俊男、賴宥良、梁基安8. 大腸直腸癌：張伸吉、陳奕彰、趙坤山、郭于誠、簡君儒,一個療程10劑，共收取180萬元(疫苗製作費30萬元，第1~4劑20萬元、第5~6劑15萬元、第7~8劑10萬元、第9~10劑7.5萬元，末期款5萬元),1. 預定療程仍可能因後續之病情變化或治療效果而有所調整。採每項目按實際進度收費。(疫苗製作費30萬元，第1~4劑20萬元、第5~6劑15萬元、第7~8劑10萬元、第9~10劑7.5萬元，末期款5萬元)2. 退費原則：若疫苗輸注當天，已經個管師確認病患能如期施打並通知長聖細胞製劑廠進行疫苗解凍，後又因病患個人因素無法於解凍後48小時內進行施打，將依照產品存放標準銷毀該次之疫苗；如醫師判定為非病患個人因素而無法施打者，則退費歸還每劑費用。,2019/09/16,2022/05/14,長聖生技中科細胞製劑廠,,,
6,108DOMA010,台北醫學大學附設醫院,執行中 (Ongoing),自體免疫細胞治療- CIK,實體癌第四期,實體癌第四期：大腸直腸癌、乳癌、肺癌、子宮頸癌、卵巢癌 、腎臟癌、肝癌、胰臟癌、鼻咽癌、胃癌、食道癌、膽管癌,區域醫院 Regional Hospital,臺北市,臺北市信義區吳興街２５０號,https://www.tmuh.org.tw/(02)27372181 ext 3312kdlee1964@gmail.com,李冠德、劉明哲、蕭世欣,一個療程4劑，共收取108萬元(細胞培養費用15萬元+細胞回輸治療費用9.5萬)*4劑+尾款10萬,"(一 )自體免疫 CIK 細胞治療收費以療程計算：每次CIK 細胞培養前先收取新 台 幣 150,000 元細胞培養費用，於該次 CIK 回輸治療完成後再收取新台幣 95,000 元的細胞回輸治療費用，待病人完成全部 4 次療程後，經第一次評估確定腫瘤大小仍然穩定控制時，收 取最後尾款100,000 元。總費用(15 萬 +9.5 萬 )*4 次 +10 萬 =108 萬(二) 若該次細胞培養無法產生符合規格之細胞製品 (含檢體量不足)，將免費再培養一次，病人無須多付額外費用。",2019/11/15,2022/11/14,光麗生醫實驗中心-免疫細胞產品操作室(R563),,,
7,108DOMA068,義大醫療財團法人義大醫院,執行中 (Ongoing),自體軟骨細胞移植,膝關節軟骨缺損,外傷或其他原因造成的膝關節軟骨缺損,醫學中心 Medical Center,高雄市,高雄市燕巢區角宿里義大路1號,https://www.edah.org.tw/,杜元坤、高逢辰,"新台幣800,000元整",本細胞療程採單次治療。病人接受本細胞治療技術的過程分成4個階段(1)篩選；(2)第一次住院，關節鏡檢查、自體軟骨組織採集及自體軟骨細胞層片製備；(3)第二次住院，軟骨細胞層片移植手術；(4)追蹤。病人經膝關節生理檢查(例：MRI、X光等)及關節鏡檢查後，經醫師評估並符合納入條件，才允以治療。治療總費用新台幣80萬元為兩階段收費方式：第一筆費用新台幣40萬元，於病人接受關節鏡檢查及採集組織時收取；第二筆費用新台幣40萬元，於病人完成細胞移植時收取。退費機制：若病人已支付第一筆費用(新台幣40萬元)，完成軟骨組織採集一旦進入自體細胞培養過程，將無法請求退還此筆費用，但以下情況例外：a.當病人完成簽署同意書，於採集組織前要求退出本細胞治療計畫時，除醫療服務費用外，其餘款項共新台幣30萬元退款予病人。b.若因細胞製程與運送過程所導致的狀況，將新台幣30萬元退還予病人。c.倘若無法生產出符合規格的產品，譬如，採集汙染或細胞活性不佳無法增生時，將退還新台幣30萬元予病人。d.倘若於移植當日手術中，經醫師評估病人不適合繼續接受細胞治療時，即因手術中惡化導致手術終止、術中發現需要改變計畫之手術方式、術中發現術前之診斷不合適、術中發生嚴重併發症時，將新台幣30萬元全數退還予病人。而經兩年的追蹤下，若細胞治療無效，則將退還新台幣10萬元予病人。,2019/12/18,2022/12/17,三顧股份有限公司-細胞製備中心,,,
8,108DOMA084,財團法人私立高雄醫學大學附設中和紀念醫院,執行中 (Ongoing),自體免疫細胞治療- DC,實體癌第四期,實體癌第四期：乳癌,醫學中心 Medical Center,高雄市,高雄市三民區十全一路100號,http://www.kmuh.org.tw/cwlo0623@gmail.com,侯明鋒、陳芳銘、歐陽賦、蕭君平、甘蓉瑜、巫承哲、李忠良,一個療程10劑，共收取180萬元(疫苗製作費30萬元，第1~4劑20萬元、第5~6劑15萬元、第7~8劑10萬元、第9~10劑7.5萬元，末期款5萬元),1. 預定療程仍可能因後續之病情變化或治療效果而有所調整。採每項目按實際進度收費。(疫苗製作費30萬元，第1~4劑20萬元、第5~6劑15萬元、第7~8劑10萬元、第9~10劑7.5萬元，末期款5萬元)2. 退費原則：若疫苗輸注當天，已經個管師確認病患能如期施打並通知長聖細胞製劑廠進行疫苗解凍，後又因病患個人因素無法於解凍後48小時內進行施打，將依照產品存放標準銷毀該次之疫苗；如醫師判定為非病患個人因素而無法施打者，則退費歸還每劑費用。,2019/12/16,2022/05/14,長聖生技中科細胞製劑廠,,,
9,108DOMA086,亞洲大學附屬醫院,執行中 (Ongoing),自體免疫細胞治療- DC,實體癌第四期,實體癌第四期：多型性膠質母細胞瘤及續發性腦癌、上皮性卵巢癌、胰臟癌、攝護腺癌、頭頸癌、肝癌、乳癌、大腸直腸癌,地區醫院 District Hospital,臺中市,臺中市霧峰區福新路222號,https://www.auh.org.tw/D51414@auh.org.tw,1. 多型性膠質母細胞瘤及續發性腦癌：許永信、林志隆2. 上皮性卵巢癌：洪滿榮3. 胰臟癌、攝護腺癌、頭頸癌、肝癌、乳癌、大腸直腸癌：王博民、黃文豊、蔡肇基、周哲毅、黃建文、羅文鍵、陳嘉雯,(費用尚待地方衛生局核定)一個療程10劑，共收取180萬元(疫苗製作費30萬元，第1~4劑20萬元、第5~6劑15萬元、第7~8劑10萬元、第9~10劑7.5萬元，末期款5萬元),(費用尚待地方衛生局核定)1. 預定療程仍可能因後續之病情變化或治療效果而有所調整。採每項目按實際進度收費。(疫苗製作費30萬元，第1~4劑20萬元、第5~6劑15萬元、第7~8劑10萬元、第9~10劑7.5萬元，末期款5萬元)2. 退費原則：若疫苗輸注當天，已經個管師確認病患能如期施打並通知長聖細胞製劑廠進行疫苗解凍，後又因病患個人因素無法於解凍後48小時內進行施打，將依照產品存放標準銷毀該次之疫苗；如醫師判定為非病患個人因素而無法施打者，則退費歸還每劑費用。,2019/12/18,2022/05/14,,,,
10,108DOMA093,臺南市立安南醫院一委託中國醫藥大學興建經營,執行中 (Ongoing),自體免疫細胞治療- DC,實體癌第四期,實體癌第四期：多型性膠質母細胞瘤及續發性腦癌、上皮性卵巢癌、胰臟癌、攝護腺癌、頭頸癌、肝癌、乳癌、大腸直腸癌,區域醫院 Regional Hospital,臺南市,臺南市安南區長和路二段66號,http://www.tmanh.org.tw/D7412@mail.tmanh.org.tw,1. 多型性膠質母細胞瘤及續發性腦癌：莊皓宇、詹凱翔2. 上皮性卵巢癌、胰臟癌、攝護腺癌、頭頸癌、肝癌、乳癌、大腸直腸癌：蔡宗欣、林明賢、梁永昌、方彥博、許峻誠、許惟傑,(費用尚待地方衛生局核定)一個療程10劑，共收取180萬元(疫苗製作費30萬元，第1~4劑20萬元、第5~6劑15萬元、第7~8劑10萬元、第9~10劑7.5萬元，末期款5萬元),(費用尚待地方衛生局核定)1. 預定療程仍可能因後續之病情變化或治療效果而有所調整。採每項目按實際進度收費。(疫苗製作費30萬元，第1~4劑20萬元、第5~6劑15萬元、第7~8劑10萬元、第9~10劑7.5萬元，末期款5萬元)2. 退費原則：若疫苗輸注當天，已經個管師確認病患能如期施打並通知長聖細胞製劑廠進行疫苗解凍，後又因病患個人因素無法於解凍後48小時內進行施打，將依照產品存放標準銷毀該次之疫苗；如醫師判定為非病患個人因素而無法施打者，則退費歸還每劑費用。,2019/12/18,2022/05/14,長聖生技中科細胞製劑廠,,,
11,108DOMA112,中國醫藥大學北港附設醫院,執行中 (Ongoing),自體免疫細胞治療- DC,實體癌第四期,實體癌第四期：多型性膠質母細胞瘤及續發性腦癌、攝護腺癌、肝癌,區域醫院 Regional Hospital,雲林縣,台中市北區育德路2號,https://cmubnp.cmu.edu.tw/05-7837907 轉1243( 或) 1213A5633@mail.bh.cmu.edu.tw,1. 多型性膠質母細胞瘤及續發性腦癌：許致善、莊皓宇2. 攝護腺癌：林榮生、吳錫金、陳階曉3. 肝癌：黃克章、賴光啟,(費用尚待地方衛生局核定)一個療程10劑，共收取180萬元(疫苗製作費30萬元，第1~4劑20萬元、第5~6劑15萬元、第7~8劑10萬元、第9~10劑7.5萬元，末期款5萬元),(費用尚待地方衛生局核定)1. 預定療程仍可能因後續之病情變化或治療效果而有所調整。採每項目按實際進度收費。(疫苗製作費30萬元，第1~4劑20萬元、第5~6劑15萬元、第7~8劑10萬元、第9~10劑7.5萬元，末期款5萬元)2. 退費原則：若疫苗輸注當天，已經個管師確認病患能如期施打並通知長聖細胞製劑廠進行疫苗解凍，後又因病患個人因素無法於解凍後48小時內進行施打，將依照產品存放標準銷毀該次之疫苗；如醫師判定為非病患個人因素而無法施打者，則退費歸還每劑費用。,2019/12/26,2022/05/14,長聖生技中科細胞製劑廠,,,
12,108DOMA130,亞洲大學附屬醫院,執行中 (Ongoing),自體免疫細胞治療- DC,第一至第三期實體癌，經標準治療無效,第一至第三期實體癌，經標準治療無效：第一至二級低度膠質細胞瘤和第三級高度惡性膠質瘤、上皮性卵巢癌、胰臟癌、攝護腺癌、頭頸癌、肝癌、乳癌、大腸直腸癌,地區醫院 District Hospital,臺中市,臺中市霧峰區福新路222號,https://www.auh.org.tw/(04)3706-1668#1837A51329@auh.org.tw,1. 第一至二級低度膠質細胞瘤和第三級高度惡性膠質瘤：許永信、林志隆2. 上皮性卵巢癌：洪滿榮3. 胰臟癌、攝護腺癌、頭頸癌、肝癌、乳癌、大腸直腸癌：王博民、黃文豊、蔡肇基、周哲毅、黃建文、陳嘉雯,(費用尚待地方衛生局核定)一個療程10劑，共收取180萬元(疫苗製作費30萬元，第1~4劑20萬元、第5~6劑15萬元、第7~8劑10萬元、第9~10劑7.5萬元，末期款5萬元),(費用尚待地方衛生局核定)1. 預定療程仍可能因後續之病情變化或治療效果而有所調整。採每項目按實際進度收費。(疫苗製作費30萬元，第1~4劑20萬元、第5~6劑15萬元、第7~8劑10萬元、第9~10劑7.5萬元，末期款5萬元)2. 退費原則：若疫苗輸注當天，已經個管師確認病患能如期施打並通知長聖細胞製劑廠進行疫苗解凍，後又因病患個人因素無法於解凍後48小時內進行施打，將依照產品存放標準銷毀該次之疫苗；如醫師判定為非病患個人因素而無法施打者，則退費歸還每劑費用。,2019/12/26,2022/05/14,長聖生技中科細胞製劑廠,,,
13,108DOMA021,醫療財團法人徐元智先生醫藥基金會亞東紀念醫院,執行中 (Ongoing),自體脂肪幹細胞移植,退化性關節炎及膝關節軟骨缺損,膝關節退化性關節炎,醫學中心 Medical Center,新北市,https://www.femh.org.tw/特約門診專線：02-77281099幹細胞治療專任護理師諮詢專線：0925-191-016,張至宏、王正次,"(費用尚待地方衛生局核定)單劑型供病人單腳單次注射，預估費用34萬2,100元，採分段付費方式。雙劑型供病人雙腳單次注射，預估費用41萬6,100元，採分段付費方式。","(費用尚待地方衛生局核定)1. 單劑型：收費方式為分階段付費，共分九次收費。V0收篩檢費用約15,000元，V1收取脂肪費用約233,840元，V2收術後回診費約690元，V3收取細胞注射費用約48,790元，V4收取追蹤費約540元，V5收取追蹤費約28,540元，V6收取追蹤費約540元，V7收取追蹤費約1080元，V8收取追蹤費約13,080元。2. 雙劑型：收費方式為分階段付費，共分九次收費。V0收篩檢費用約15,000元，V1收取脂肪費用約291,840元，V2收術後回診費約690元，V3收取細胞注射費用約57,790元，V4收取追蹤費約540元，V5收取追蹤費約35,540元，V6收取追蹤費約540元，V7收取追蹤費約1080元，V8收取追蹤費約13,080元。3. 特殊狀況退費：a. V1狀況-1：若病人於採集脂肪組織時發生檢體量不足之情形，因無充足檢體需要進行產品製備，病人可當場放棄細胞治療程，僅收約18,000元手術相關費用。b. V1狀況-2：若病人的檢體量充足，但於採集後發生產品無法達放行標準，因檢體已採集且細胞製備流程已啟動，單劑型療程醫院將退回172,800元，雙劑型療程醫院將退回219,200元。c. V1狀況-3：病人採集脂肪組織後，身體狀況經醫師評估不適合繼續接受治療，或因其他無法預期因素，未能按原治療計畫完成療程，如治療期間死亡、發生併發症等，於採集脂肪組織後的10天內(日曆天)，因細胞製備已接近完成，尚未進行各項放行檢測，病人須提供相關文件證明，單劑型療程醫院將退回108,000元，雙劑型療程醫院將退回137,000元。10天後(日曆天)，因產品製備程序已完成，且各項放行檢測已進行，醫院仍須依表訂第一階段費用收費，無法退費。4. V5療效指標未達：病人於細胞注射後一個月回診追蹤，VAS-Daily、IKDC分數和醫師評估的Tegner Lysholm Scaling Score皆未達10%改善，醫院僅收約540元的掛號費與診察費。5. 當病人感受與醫師評估有爭議時，以病人感受VAS-Daily、IKDC分數為主，即病人感受VAS-Daily、IKDC分數，於細胞注射後一個月回診追蹤皆未達10%改善，醫院僅收約540元的掛號費與診察費。",2019/12/26,2022/12/25,艾默生物醫學股份有限公司細胞產品製造區,,,,
14,108DOMA002,財團法人長庚紀念醫院,執行中 (Ongoing),自體脂肪幹細胞移植,退化性關節炎及膝關節軟骨缺損,退化性關節炎,醫學中心 Medical Center,桃園市,桃園縣龜山鄉復興街五號林口關節重建骨科,https://www.cgmh.org.tw/特約門診專線：03-3280070、03-3281200*8716,張毓翰,"(費用尚待地方衛生局核定)1管供病人單腳單次注射，預估費用23萬，採分段付費方式。2管供病人雙腳單次注射，預估費用23萬5,000元，採分段付費方式。","(費用尚待地方衛生局核定)1.1管：收費方式為分階段付費，共分三次收費。第一階段收抽脂費用約5,000元及細胞製備費用約97,500元，第二階段收脂肪幹細胞注射約30,000元及細胞製備費用約58,500元，第三階段收細胞製備費用約39,000元。2.2管：收費方式為分階段付費，共分三次收費。第一階段收抽脂費用約5,000元及細胞製備費用約100,000元，第二階段收脂肪幹細胞注射約30,000元及細胞製備費用約60,000元，第三階段收細胞製備費用約40,000元。3.風險發生之收費方式：a.第一階段-1：若病人於採集脂肪組織時發生檢體量不足之情形，無法完成細胞產品，收取約6,500元製備相關費用。b.第一階段-2：若因以下狀況無法完成療程：(1)醫師判定無法進行療程(2)病人自行中斷治療(3)其他因素，但已完成檢體處理及培養一週，1管收取約55,000元製備相關費用，2管收取約87,300元製備相關費用。c.第一階段-3：若因以下狀況無法完成療程：(1)醫師判定無法進行療程(2)病人自行中斷治療(3)其他因素，但已完成檢體處理及培養二週，1管收取約99,400元製備相關費用，2管收取約128,300元製備相關費用。d.第一階段-4：若因以下狀況無法完成療程：(1)醫師判定無法進行療程(2)病人自行中斷治療(3)其他因素，但已完成檢體處理及培養三週，1管收取約152,200元製備相關費用，2管收取約182,400元製備相關費用。e.第一階段-5：若因以下狀況無法完成療程：(1)醫師判定無法進行療程(2)病人自行中斷治療(3)其他因素，但整個製程已完成，1管收取約189,800元製備相關費用，2管收取約194,800元製備相關費用。",2020/01/13,2023/01/12,向榮生技實驗室,,,
15,107DOMA010,義大醫療財團法人義大癌治療醫院,執行中 (Ongoing),自體免疫細胞治療- NK,實體癌第四期,癌別: 結腸直腸癌、肺癌、乳癌、肝癌、頭頸癌、攝護腺癌、胰臟癌,地區醫院 District Hospital,高雄市,高雄市燕巢區角宿里義大路21號B2-10F、11F之1、12F之1,http://www.edch.org.tw/index.asp,張肇松、洪朝明、黃明賢、饒坤銘,"1,200,000",收費金額 一個基本 療程共6劑，總費用為新台幣一百二十萬元整，每一針Magicell NK細胞製品治療服務費用為新台幣二十萬元整。收費方式1. 一個基本療程分四次收費i. 病人確定進入療程後在第1次進行Magicell NK細胞培養血液抽血時，即批價收取第一筆細胞治療服務費，新台幣五十萬元整。ii. 完成第3次Magicell NK細胞製品治療確認並進行第4次Magicell NK細胞培養血液抽血，即批價收取第二筆細胞治療服務費，新台幣四十萬元整。iii. 完成第5次Magicell NK細胞製品治療確認並進行第6次Magicell NK細胞培養血液抽血，即批價收取第三筆細胞治療服務費 ，新台幣二十萬元整。iv. 第 6次 Magicell NK細胞製品治療後六週進行治療成效評估，若達到治療成效目標則收取末期細胞治療服務費，新台幣十萬元整。基本療程之後的Magicell NK細胞製品治療依據病人需求按次收費，每次Magicell NK細胞製品治療收費新台幣二十萬元 整。可能風險之不同收費方式(見下表收費與退費表及成本分析明細 )：非病人因素• 若病患培養後的 Magicell NK細胞產品 未達放行標準(細胞數6~50億個細胞；純度 > 70%；存活率 > 則此 產品視為不合格品 不出廠 (銷毀)將再根據病患意願如願意繼續進行治療則再進行一次培養 若無意願則 依收費與退費表退費 。病人因素• 病患身體狀況經醫師評估不適合繼續接受治療：收取已發生費用 (如細胞製備中心細胞培養成本等 …)，未發生費用退回病患。• 其他病患個人的因素 如病患自行中斷治療或自願退出治療。• 其他無法預期的因素 如病患在治療期間 因 疾病因素導致死亡或發生併發症等，而未能按原治療計畫完成療程。,2020/02/03,2023/02/02,基亞生物科技股份有限公司細胞製備工廠,新北市汐止區大同路一段 237號 13樓之 3, 下載 收費與退費表.JPG (68 KB)收費與退費表.JPG (68 KB)下載 ,下載 
16,108DOMA140,衛生褔利部雙和醫院(委託臺北醫學大學興建經營),執行中 (Ongoing),自體免疫細胞治療- CIK,實體癌第四期,實體癌第四期；癌症別：肝癌、肺癌,醫學中心 Medical Center,新北市,新北巿中和區中正路291號,https://www.shh.org.tw/,李岡遠、羅青山、鄭偉宏、馮博皓,【Ａ方案】：含第一階段6針，新臺幣180萬元整；第二階段8針，新臺幣240萬元整。【Ｂ方案】：含第一階段8針，新臺幣240萬元整；第二階段8針，新臺幣240萬元整。【追加方案】：含6針，新臺幣180萬元整。,"收費方式:1.細胞治療針劑費單針費用為新臺幣30萬元整,包含培養技術費24萬元整與品質成效費6萬元整, 療程收費方式，詳如療程說明暨自願付費同意書。2.培養技術費24萬元整包含本中心醫療服務、實驗 室細胞製備等費用，採單次抽血培養收取培養技術 費，需於每次針劑抽血前繳交。3.品質成效費於療程結束後進行評估，以確保病患對療程品質之成效，且由醫師進行評估，於療程階段 完成後，依照評量結果統一收取，若療程中斷則不 收取累積之品質成效費(說明：若選擇方案A，於施打療程最後1針結束後評估，進行繳交共6針品質成效費用36萬元整)。4.經由醫師給予專業建議及討論後，病患可自行選擇 療程方案，療程分為A方案、B方案及追加方案：【Ａ方案】：含第一階段6針，新臺幣180萬元整；第二階段8針，新臺幣240萬元整。【Ｂ方案】：含第一階段8針，新臺幣240萬元整；第二階段8針，新臺幣240萬元整。【追加方案】：含6針，新臺幣180萬元整。特殊狀況處理:1.療程中斷: 如有下方所述之特殊狀況，導致療程中斷，則不收取所累積之品質成效費。(1)病患個人因素未能完成療程(例如:自行中斷治療、自願退出治療)。(2)不可避免事件(例如:因病情無法繼續 治療、疾病因素導致之併發症、篩選 期到第一針細胞治療開始前惡化無法 治療、發生嚴重不良反應或療程期間 死亡)。2.療程未中斷: 如有下方所述之特殊狀況，下次細胞治療 針劑之費用，僅酌培養技術費210,000，另不收取該次品質成效費。(1)病患細胞狀況，造成細胞製備場所無 法培養規格數量。(2)細胞治療針劑成品，無法達允收標準 造成產品不放行。3.如有下方所述之特殊狀況，下次細胞治療 針劑，僅酌培養技術費90,000，另不收取該次品質成效費。(1)操作醫師評估後判定病患身體狀況不適合施打。(2)無法預期之天災。4.細胞治療技術計畫中斷: 如遇有經中央主管機關停止或終止本細 胞治療技術計畫之情形，所以於計畫治療中之病人將全額退費 。",2020/04/07,2022/05/02,長春藤細胞培養處理中心,,,
17,108DOMA141,行政院國軍退除役官兵輔導委員會 高雄榮民總醫院,執行中 (Ongoing),自體軟骨細胞移植,膝關節軟骨缺損,醫學中心 Medical Center,高雄市,高雄市左營區大中一路386號,https://www.vghks.gov.tw,唐逸文、任振輝、陳俊宇,本細胞療程採單次治療，治療期間包含有約四週的篩選期、關節鏡檢查、組織採集與細胞分離及培養3 至4週、軟骨細胞移植及兩年的追蹤，其總費用為新台幣80萬元，包含醫療服務費用(新台幣20萬元)及細胞製造費用(共新台幣60萬元)，其中若接受高位脛骨截骨矯正手術或前十字韌帶重建手術，其相關之常規檢查及手術治療皆以健保給付，包含兩次住院手術治療(第一次為關節鏡檢查、軟骨組織採集/第二次為細胞層片植入)時的病房、護理、傷口照護、檢查、麻醉及關節矯正或重建手術等之相關費用，然而病毒篩選、軟骨組織採集及移植後的所有檢查項目則以自費方式向病人收取。,1. 治療費用採分段式收費方式，首次於病人接受關節鏡檢查及採集組織時，將向病人收取新台幣40萬元；第二次於完成細胞移植時，將向病人收取新台幣40萬元，而經兩年的追蹤下，若細胞治療無效，則將退還新台幣10萬元予病人；而細胞治療無效之定義為經醫師判斷MRI核磁共振檢查結果，軟骨修復狀況與鄰近的原軟骨組織相比較，其厚度小於50%；及病人疼痛指數(視覺類比量表，VAS) 大於6分；以及完成細胞移植後追蹤期兩年內，於本院接受人工關節置換手術者。2. 若病人已支付第一筆費用(新台幣40萬元)後，完成軟骨組織採集一旦進入自體細胞培養過程，將無法請求退還此筆費用，故務必謹慎考慮是否願意接受本細胞治療；但以下情況例外：a). 當病人完成簽署本說明書，並於採集組織前要求退出本細胞治療計畫時，除醫療服務費用外，其餘款項共新台幣30萬元將全數退款予病人。b).若因細胞製程與運送過程所導致的狀況，也將已付款項共新台幣30萬元全數退還予病人。c).倘若無法生產出符合規格的產品，譬如，採集汙染或細胞活性不佳無法增生時，將全數退還新台幣30萬元予病人。d).倘若於移植當日手術中，經醫師評估病人不適合繼續接受細胞治療時，即因手術中惡化導致手術終止、術中發現需要改變計畫之手術方式、術中發現術前之診斷不合適、術中發生嚴重併發症時，也將已付款項共新台幣30萬元全數退還予病人。3. 如須再次施行相同療程、或後續進行其他治療時，費用將另行採計。4. 手術可能需使用自費醫材，手術醫師在為病人診查後，向家屬解釋病情並建議使用適合醫材，在家屬同意下簽立自費同意書。,2020/04/09,2022/12/17,,,,,
18,108DOMA152,台北醫學大學附設醫院,執行中 (Ongoing),自體軟骨細胞移植,膝關節軟骨缺損,膝關節軟骨缺損,區域醫院 Regional Hospital,臺北市,https://www.tmuh.org.tw/02-2737-2181 #3787,李建和醫師,"相關治療費用採分段式收費方式,首次於病人接受關節鏡檢查及採集組織時,將向病人收取新台幣 40萬元;第二次於完成細胞移植時,將向病人收取新台幣 45 萬元;。","相關治療費用採分段式收費方式,首次於病人接受關節鏡檢查及採集組織時,將向病人收取新台幣 40萬元;第二次於完成細胞移植時,將向病人收取新台幣 45 萬元;。",2020/04/14,2022/12/17,,,,,
19,108DOMA146,國泰醫療財團法人國泰綜合醫院,執行中 (Ongoing),自體免疫細胞治療- CIK,實體癌第四期,癌症別：肝癌、肺癌,醫學中心 Medical Center,臺北市,台北市仁愛路4段266巷6號、280號,https://www.cgh.org.tw/,宋詠娟、林哲斌、陳苓萍、張園鑫、胡瑞庭,【Ａ方案】：含第一階段6針，新臺幣180萬元整；第二階段8針，新臺幣240萬元整。【Ｂ方案】：含第一階段8針，新臺幣240萬元整；第二階段8針，新臺幣240萬元整。【追加方案】：含6針，新臺幣180萬元整。,"收費方式:1.細胞治療針劑費單針費用為新臺幣30萬元整,包含培養技術費24萬元整與品質成效費6萬元整, 療程收費方式，詳如療程說明暨自願付費同意書。2.培養技術費24萬元整包含本中心醫療服務、實驗 室細胞製備等費用，採單次抽血培養收取培養技術 費，需於每次針劑抽血前繳交。3.品質成效費於療程結束後進行評估，以確保病患對療程品質之成效，且由醫師進行評估，於療程階段 完成後，依照評量結果統一收取，若療程中斷則不 收取累積之品質成效費(說明：若選擇方案A，於施打療程最後1針結束後評估，進行繳交共6針品質成效費用36萬元整)。4.經由醫師給予專業建議及討論後，病患可自行選擇 療程方案，療程分為A方案、B方案及追加方案：【Ａ方案】：含第一階段6針，新臺幣180萬元整；第二階段8針，新臺幣240萬元整。【Ｂ方案】：含第一階段8針，新臺幣240萬元整；第二階段8針，新臺幣240萬元整。【追加方案】：含6針，新臺幣180萬元整。特殊狀況處理:1.療程中斷: 如有下方所述之特殊狀況，導致療程中斷，則不收取所累積之品質成效費。(1)病患個人因素未能完成療程(例如:自行中斷治療、自願退出治療)。(2)不可避免事件(例如:因病情無法繼續 治療、疾病因素導致之併發症、篩選 期到第一針細胞治療開始前惡化無法 治療、發生嚴重不良反應或療程期間 死亡)。2.療程未中斷: 如有下方所述之特殊狀況，下次細胞治療 針劑之費用，僅酌培養技術費210,000，另不收取該次品質成效費。(1)病患細胞狀況，造成細胞製備場所無 法培養規格數量。(2)細胞治療針劑成品，無法達允收標準 造成產品不放行。3.如有下方所述之特殊狀況，下次細胞治療 針劑，僅酌培養技術費90,000，另不收取該次品質成效費。(1)操作醫師評估後判定病患身體狀況不適合施打。(2)無法預期之天災。4.細胞治療技術計畫中斷: 如遇有經中央主管機關停止或終止本細 胞治療技術計畫之情形，所以於計畫治療中之病人將全額退費 。",2020/04/14,2022/05/02,長春藤細胞培養處理中心,,,
20,109DOMA008,佛教慈濟醫療財團法人花蓮慈濟醫院,執行中 (Ongoing),自體軟骨細胞移植,膝關節軟骨缺損,醫學中心 Medical Center,花蓮縣,花蓮縣花蓮市中央路三段707號,http://hlm.tzuchi.com.tw/,陳英和、吳文田、葉光庭、劉冠麟、吳坤佶、鄺世通、許世祥、姚定國、彭成桓,80萬,(一)	收費金額與收費方式施行細胞治療技術的療程次數與治療期間、以及療程費用計算及收取方式如下，惟預定療程仍可能因後續之病情變化或治療效果而有所調整。(1)	治療費用：本細胞療程採單次治療，治療期間包含有約四週的篩選期、關節鏡檢查、組織採集與細胞分離及培養3 至4週、軟骨細胞移植及兩年的追蹤，其總費用為新台幣80萬元，包含醫療服務費用(新台幣20萬元)及細胞製造費用(共新台幣60萬元)；相關治療費用包含篩選期所有檢查、兩次住院手術治療(第一次為關節鏡檢查、軟骨組織採集/第二次為細胞層片植入)時的病房、護理、傷口照護、檢查、麻醉及關節矯正或重建手術等，以及後續追蹤之檢查相關費用，皆以自費方式向病人收取，並採分段式收費方式，首次於病人接受關節鏡檢查及採集組織時，將向病人收取新台幣40萬元；第二次於完成細胞移植時，將向病人收取新台幣40萬元；而經兩年的追蹤下，若細胞治療無效，則將退還新台幣10萬元予病患；而細胞治療無效之定義為經醫師判斷MRI核磁共振檢查結果，軟骨修復狀況與鄰近的原軟骨組織相比較，其厚度小於50%；及病人疼痛指數(視覺類比量表，VAS) 大於6分；以及完成細胞移植後追蹤期兩年內，於本院接受人工關節置換手術者。(2)	若病人已支付第一筆費用(新台幣40萬元)後，完成軟骨組織採集一旦進入自體細胞培養過程，將無法請求退還此筆費用，但以下情況例外： 當病人完成簽署本說明書，並於採集組織前要求退出本細胞治療計畫時，除醫療服務費用外，其餘款項共新台幣30萬元將全數退款予病人； 若因細胞製程與運送過程所導致的狀況，也將已付款項共新台幣30萬元全數退還予病人； 倘若無法生產出符合規格的產品，譬如，採集汙染或細胞活性不佳無法增生時，將全數退還新台幣30萬元予病人； 倘若於移植當日手術中，經醫師評估病人不適合繼續接受細胞治療時，即因手術中惡化導致手術終止、術中發現需要改變計畫之手術方式、術中發現術前之診斷不合適、術中發生嚴重併發症時，也將已付款項共新台幣30萬元全數退還予病人；(3) 如需再次施行相同療程、或後續進行其他治療時，費用將另行採計。(4) 手術可能需使用自費醫材/骨材，手術醫師在為病人診查後，向家屬解釋病情並建議使用適合醫材/骨材，在家屬同意下簽立自費同意書。,2020/04/22,2022/12/17,三顧股份有限公司-細胞製備中心,,,,
21,108DOMA097,中國醫藥大學附設醫院,執行中 (Ongoing),自體免疫細胞治療- DC-CIK,實體癌第四期,肝癌、大腸直腸癌、乳癌、肺癌,醫學中心 Medical Center,臺中市,台中市北區育德路二號,https://cmuh.org.tw/Department/Detail?depid=181,１、肝癌：鄭隆賓、楊宏仁、葉俊杰、陳德鴻、許士超、彭成元、賴學洲、莊伯恒、陳昇弘、王鴻偉、陳尚文、許偉帆。２、大腸直腸癌：張伸吉、陳奕彰、林哲弘。３、乳癌：劉良智、吳建廷、陳芝蓉、吳曜充、邱昌芳、趙坤山、郭于誠、朱俊男、賴宥良、梁基安。４、肺癌：夏德椿、陳韋成、涂智彥、陳鴻仁、廖偉志。,1個療程3劑140萬，2個療程6劑200萬。,1.細胞製作費成本為30萬元，將分兩階段收費，第一階段與第二階段各收費15萬元。(1)若腫瘤組織檢體不足，醫院可提供第二次免費取樣，若病人拒絕再取樣，考量已投入採檢相關成本，仍需收取第一階段細胞收集費用15萬，但不予收取第二階段細胞製作之15萬元。(2)若簽約後病人意外過世，因已投入細胞抽取與細胞製備成本，仍需收取第一階段細胞收集費用15萬，但不予收取第二階段細胞製作之15萬元。2.已收取費用但尚未抽取細胞：醫院將退還第一階段已收取15萬元中之5萬元。3.已收取費用且抽取細胞但尚未製造：醫院僅收取第一階段細胞收集費用15萬，但不予收取第二階段細胞製作之15萬元。4.除了細胞製作費30萬元，治療中若接受一個療程(共三劑)，則再收取：施打一劑40萬元，施打兩劑收費70萬元，施打三劑收費為100萬；符合評估指標後末期款為10萬元。5.除了細胞製作費30萬元，若接受兩個療程(共六劑) ，則再收取：施打一劑40萬元，施打兩劑收費70萬元，施打三劑收費為100萬，施打四劑120萬元，施打五劑140萬元，施打六劑160萬元；符合評估指標後末期款為10萬元。惟預定療程仍可能因後續之病情變化或治療效果而有所調整。6.費用係依各治療階段按次收費，於當次施打處置完成後收費。若已確認病人能如期施打並由細胞製品廠進行細胞解凍，後因病人個人因素無法於解凍後10小時內進行施打者，將依照產品存放標準銷毀該次細胞，並視同已施打進行收費。,2020/05/01,2023/04/30,中國醫藥大學附設醫院復健大樓7樓GTP實驗室,,,
22,108DOMA064,長庚醫療財團法人林口長庚紀念醫院,執行中 (Ongoing),自體免疫細胞治療- DC,第一至第三期實體癌，經標準治療無效,第一至第三期實體癌，經標準治療無效；癌症別：肝癌,醫學中心 Medical Center,桃園市,桃園市龜山區公西里復興街5號、5之7號,https://www.cgmh.org.tw,李威震醫師,(一)	首次療程：執行3劑，總計約55-67萬元。抽血、細胞穿刺、細胞檢驗、注射、療效評估之電腦斷層或磁振造影，依本院自費病人收費，約19-22萬元。細胞製備12萬元*3劑+療效評估款9萬元=45萬元。(二)	後續療程：首次療程完成後，後續依病人狀況進行單劑治療，單劑約18-23萬元。抽血、細胞檢驗、注射、療效評估之電腦斷層或磁振造影，依本院自費病人收費，約6-8萬元。細胞製備12萬元+療效評估款3萬元=15萬元。,(一)	施行細胞治療技術的療程次數與治療期間仍可能因後續之病情變化或治療效果而有所調整，採每項目按實際執行進度收費。(二)	退費原則：細胞製備期間，如因(1)醫師判定無法執行、(2)病人自行中斷治療、(3)其他無法預期因素等終止療程，費用收取原則如下：1.	第一日確認不繼續治療，細胞製備費用收取3萬元，退費9萬元。2.	第一日後、第五日前確認不繼續治療，細胞製備費用收取5萬元，退費7萬元。3.	第五日後確認不繼續治療，細胞製備費用收取12萬元，不退細胞製備費用。,2020/05/06,2023/05/05,長庚紀念醫院細胞治療中心,,,
23,108DOMA149,臺北市立萬芳醫院-委託財團法人臺北醫學大學辦理,執行中 (Ongoing),自體免疫細胞治療- CIK,實體癌第四期,癌症別：肝癌、肺癌,醫學中心 Medical Center,臺北市,台北市文山區興隆路三段111號,https://www.wanfang.gov.tw/,吳明順、張家崙、胡名宏、許翰琳,【Ａ方案】：含第一階段6針，新臺幣180萬元整；第二階段8針，新臺幣240萬元整。【Ｂ方案】：含第一階段8針，新臺幣240萬元整；第二階段8針，新臺幣240萬元整。【追加方案】：含6針，新臺幣180萬元整。,"收費方式:1.細胞治療針劑費單針費用為新臺幣30萬元整,包含培養技術費24萬元整與品質成效費6萬元整, 療程收費方式，詳如療程說明暨自願付費同意書。2.培養技術費24萬元整包含本中心醫療服務、實驗 室細胞製備等費用，採單次抽血培養收取培養技術 費，需於每次針劑抽血前繳交。3.品質成效費於療程結束後進行評估，以確保病患對療程品質之成效，且由醫師進行評估，於療程階段 完成後，依照評量結果統一收取，若療程中斷則不 收取累積之品質成效費(說明：若選擇方案A，於施打療程最後1針結束後評估，進行繳交共6針品質成效費用36萬元整)。4.經由醫師給予專業建議及討論後，病患可自行選擇 療程方案，療程分為A方案、B方案及追加方案：【Ａ方案】：含第一階段6針，新臺幣180萬元整；第二階段8針，新臺幣240萬元整。【Ｂ方案】：含第一階段8針，新臺幣240萬元整；第二階段8針，新臺幣240萬元整。【追加方案】：含6針，新臺幣180萬元整。特殊狀況處理:1.療程中斷: 如有下方所述之特殊狀況，導致療程中斷，則不收取所累積之品質成效費。(1)病患個人因素未能完成療程(例如:自行中斷治療、自願退出治療)。(2)不可避免事件(例如:因病情無法繼續 治療、疾病因素導致之併發症、篩選 期到第一針細胞治療開始前惡化無法 治療、發生嚴重不良反應或療程期間 死亡)。2.療程未中斷: 如有下方所述之特殊狀況，下次細胞治療 針劑之費用，僅酌培養技術費210,000，另不收取該次品質成效費。(1)病患細胞狀況，造成細胞製備場所無 法培養規格數量。(2)細胞治療針劑成品，無法達允收標準 造成產品不放行。3.如有下方所述之特殊狀況，下次細胞治療 針劑，僅酌培養技術費90,000，另不收取該次品質成效費。(1)操作醫師評估後判定病患身體狀況不適合施打。(2)無法預期之天災。4.細胞治療技術計畫中斷: 如遇有經中央主管機關停止或終止本細 胞治療技術計畫之情形，所以於計畫治療中之病人將全額退費 。",2020/04/28,2022/05/02,長春藤細胞培養處理中心,,,
24,108DOMA005,三軍總醫院附設民眾診療服務處,執行中 (Ongoing),自體脂肪幹細胞移植,慢性或滿六週未癒合之困難傷口,慢性或滿六週未癒合之困難傷口,醫學中心 Medical Center,臺北市,臺北市內湖區成功路二段325號及臺北市中正區汀州路3段40號,https://www.tsgh.ndmctsgh.edu.tw/02-87923311轉3417302-87923311轉17740,戴念梓、陳錫根,(費用尚待地方衛生局核定)第一階段的治療費用為 20 萬，第二階段的費用為 15 萬，第三階段的費用為 10 萬元，共45 萬元。,"(費用尚待地方衛生局核定)收費方式:1.本細胞治療一共分為三個階段,視傷口大小，若傷口小於 100 cm2，每一階段包含 2 次幹 細胞治療，共約三階段療程總共 6 次幹細胞醫療; 若傷口大於 100 cm2，每一階段包含 1 次幹細胞治療，共約三階段療程總共 3 次幹細胞醫療。第一階段的治療費用為 20 萬， 第二階段的費用為 15 萬，第三階段的費用為 10 萬元,共45 萬元。2.簽署本細胞治療同意書與說明書後，會先支付第一階段療程首期費用 16 萬元，開始 1-2 次的細胞治療，第 1 或 2 次治療後達第一階段成效評估，傷口周圍有肉芽組織增生的現象 時，即表示達到第一階段的預期效果，會收取第一階段尾款 4 萬，經醫師評估後以及病人的同意下進入第二階段的治療。3.當支付第二階段的首期費用 12 萬元後，再接續 1-2 次的細胞治療，第 2 或 4 次治療後達第二階段成效評估，傷口周圍有肉芽組織增生以及傷口面積與首次細胞治療前相比，傷口 面積縮小﹥﹦15%，即表示達到第二階段的預期效果，會收取第二階段尾款 3 萬，經醫師評估後以及病人的同意下進入第三階段的治療。4.當支付第三階段的首期費用 8 萬元後，再接續 1-2 次的細胞治療，第 3 或 6 次治療後達第三階段成效評估，傷口周圍有肉芽組織增生以及傷口面積與首次細胞治療前相比，傷口面 積縮小﹥﹦30%，即表示達到第三階段的預期效果，會收取第三階段尾款 2 萬，並進入回診觀察期，總共有 4 次的回診檢查點(最後一次治療後，第 1 個月，第 2 個月，第 3 個月，第 6 個月與第 12 個月)，但不包含經醫師評估後，需增加的回診檢查點，將持續觀察傷口 復原的狀態，長達一年。退費機制:1.無法產生符合規格之細胞製品(含檢體量不足) - 提供第二次採脂服務。2.若病患不願意第二次免費採脂者 - 扣除治療需求的檢測與醫療評估及行政費用，第一階段的 三成，其餘退回。3.經醫師評估不適合繼續治療或其他無法預期之因素,如:死亡或併發症 - 收取病患該階段費用 三成，其餘退回。4.若非經醫師評估不適合，病患自行終止醫療 - 收取病患該階段費用七成，其餘退回。",2020/05/04,2023/05/03,訊聯生物科技股份有限公司細胞實驗室,,,
25,109DOMA020,國立成功大學醫學院附設醫院,執行中 (Ongoing),自體免疫細胞治療- CIK,實體癌第四期,肝癌、肺癌,醫學中心 Medical Center,臺南市,台南市北區勝利路１３８號,https://www.hosp.ncku.edu.tw/nckm/,陳彩雲、沈延盛、李純慧、林鵬展、張光裕、許雅婷、陳尚鴻、陳雅萍、楊舜如、葉裕民、蔡瑞鴻、顏家瑞、蘇五洲、蘇文彬,【Ａ方案】：含第一階段6針，新臺幣180萬元整；第二階段8針，新臺幣240萬元整。【Ｂ方案】：含第一階段8針，新臺幣240萬元整；第二階段8針，新臺幣240萬元整。【追加方案】：含6針，新臺幣180萬元整,"收費方式:1.細胞治療針劑費單針費用為新臺幣30萬元整,包含培養技術費24萬元整與品質成效費6萬元整, 療程收費方式，詳如療程說明暨自願付費同意書。2.培養技術費24萬元整包含本中心醫療服務、實驗室細胞製備等費用，採單次抽血培養收取培養技術費，需於每次針劑抽血前繳交。3.品質成效費於療程結束後進行評估，以確保病患對療程品質之成效，且由醫師進行評估，於療程階段完成後，依照評量結果統一收取，若療程中斷則不收取累積之品質成效費(說明：若選擇方案A，於施打療程最後1針結束後評估，進行繳交共6針品質成效費用36萬元整)。4.經由醫師給予專業建議及討論後，病患可自行選擇療程方案，療程分為A方案、B方案及追加方案：【Ａ方案】：含第一階段6針，新臺幣180萬元整；第二階段8針，新臺幣240萬元整。【Ｂ方案】：含第一階段8針，新臺幣240萬元整；第二階段8針，新臺幣240萬元整。【追加方案】：含6針，新臺幣180萬元整。特殊狀況處理:1.療程中斷: 如有下方所述之特殊狀況，導致療程中斷，則不收取所累積之品質成效費。(1)病患個人因素未能完成療程(例如:自行中斷治療、自願退出治療)。(2)不可避免事件(例如:因病情無法繼續治療、疾病因素導致之併發症、篩選期到第一針細胞治療開始前惡化無法治療、發生嚴重不良反應或療程期間死亡)。2.療程未中斷: 如有下方所述之特殊狀況，下次細胞治療針劑之費用，僅酌培養技術費210,000元，另不收取該次品質成效費。(1)病患細胞狀況，造成細胞製備場所無 法培養規格數量。(2)細胞治療針劑成品，無法達允收標準 造成產品不放行。3.如有下方所述之特殊狀況，下次細胞治療針劑，僅酌培養技術費90,000元，另不收取該次品質成效費。(1)操作醫師評估後判定病患身體狀況不適合施打。(2)無法預期之天災。4.細胞治療技術計畫中斷: 如遇有經中央主管機關停止或終止本細胞治療技術計畫之情形，所以於計畫治療中之病人將全額退費 。",2020/06/01,2022/05/02,長春藤細胞培養處理中心,,,
26,109DOMA030,國軍高雄總醫院附設民眾診療服務處,執行中 (Ongoing),自體免疫細胞治療- CIK,實體癌第四期,實體癌第四期  (癌症別：肺癌、肝癌),區域醫院 Regional Hospital,高雄市,高雄市苓雅區建軍路5號,http://192.168.0.59/main.InitSessionState.do,陳逸鴻、吳東陽、林任先、黃建維、黃國良、黃樹訪、劉益昇、蔡奇璋、蔡毓源、盧介聖、薛肇文、謝安臺、羅啟紘,【Ａ方案】：含第一階段6針，新臺幣180萬元整；第二階段8針，新臺幣240萬元整。 【Ｂ方案】：含第一階段8針，新臺幣240萬元整；第二階段8針，新臺幣240萬元整。【追加方案】：含6針，新臺幣180萬元整。,"收費方式:1.細胞治療針劑費單針費用為新臺幣30萬元整,包含培養技術費24萬元整與品質成效費6萬元整, 療程收費方式，詳如療程說明暨自願付費同意書。2.培養技術費24萬元整包含本中心醫療服務、實驗 室細胞製備等費用，採單次抽血培養收取培養技術 費，需於每次針劑抽血前繳交。3.品質成效費於療程結束後進行評估，以確保病患對療程品質之成效，且由醫師進行評估，於療程階段 完成後，依照評量結果統一收取，若療程中斷則不 收取累積之品質成效費(說明：若選擇方案A，於施打療程最後1針結束後評估，進行繳交共6針品質成效費用36萬元整)。4.經由醫師給予專業建議及討論後，病患可自行選擇 療程方案，療程分為A方案、B方案及追加方案：【Ａ方案】：含第一階段6針，新臺幣180萬元整；第二階段8針，新臺幣240萬元整。 【Ｂ方案】：含第一階段8針，新臺幣240萬元整；第二階段8針，新臺幣240萬元整。【追加方案】：含6針，新臺幣180萬元整。特殊狀況處理:1.療程中斷: 如有下方所述之特殊狀況，導致療程中斷，則不收取所累積之品質成效費。(1)病患個人因素未能完成療程(例如:自行中斷治療、自願退出治療)。 (2)不可避免事件(例如:因病情無法繼續 治療、疾病因素導致之併發症、篩選 期到第一針細胞治療開始前惡化無法 治療、發生嚴重不良反應或療程期間 死亡)。 2.療程未中斷: 如有下方所述之特殊狀況，下次細胞治療 針劑之費用，僅酌培養技術費210,000，另不收取該次品質成效費。 (1)病患細胞狀況，造成細胞製備場所無 法培養規格數量。 (2)細胞治療針劑成品，無法達允收標準 造成產品不放行。 3.如有下方所述之特殊狀況，下次細胞治療 針劑，僅酌培養技術費90,000，另不收取該次品質成效費。 (1)操作醫師評估後判定病患身體狀況不適合施打。 (2)無法預期之天災。 4.細胞治療技術計畫中斷: 如遇有經中央主管機關停止或終止本細 胞治療技術計畫之情形，所以於計畫治療中之病人將全額退費 。",2020/06/16,2022/05/02,長春藤細胞培養處理中心,,,
27,108DOMA008,佛教慈濟醫療財團法人 花蓮慈濟醫院,執行中 (Ongoing),自體免疫細胞治療- CIK,實體癌第四期,IV 期實體癌症，肺癌/Lung cancer、食道癌/Esophageal Cancer、胃癌 /Gastric Cancer、大腸結腸癌/Colorectal Cancer、乳癌/Breast cancer、肝癌/Liver cancer、腦瘤/Brain Tumor 和腎臟癌/Kidney cancer,醫學中心 Medical Center,花蓮縣,花蓮縣花蓮市中央路三段707號,http://hlm.tzuchi.com.tw/,李啟誠、林欣榮、黃威翰、王佐輔、邱琮朗、蔡昇宗、朱崧肇、吳懿峰、林智斌、胥愛璽、陳景亮、江元宏、許文林、李明哲、劉作財、鄧守成、張群明、丁大清,109萬,(一)收費金額與收費方式 病人繳付醫療費用以及 CIK 細胞製劑，付款方式為四個不同檢視點，分別為各階段付費與療程評估之說明： 1.  病人簽署合約-檢查費用、起始製造細胞製劑費用(2 萬)、全療程及效果收費方式共同議定。 2.  約定抽血培養起始日-依內定繳費執行成本，包括起始製造細胞製劑費用(2 萬)與執行醫療費用。 3.  培養至第 9  天確認細胞製劑品質以及族群預期可達終產品允收數量達標：則告知醫生及病人同意後繼續培養，若預判可能無法達標：為病人自身體質因素，則放棄此次細胞製劑之持續製造，則不退細胞製劑起始製造費用(2 萬)和已使用的醫療費用，若有其他衍伸費用則不頇支付。 4.  培養至第 18±3 天確認細胞製劑是否可達允收標準。      達標：供病人使用且支付出廠當日之細胞總數所相對應之費用。      未達標：則放棄此次細胞製劑出廠回輸，病人只需支付已使用的醫療費用，其他執行成本則不頇支付，且退細胞製劑起始製造費用(2 萬)。,2019/08/22,2022/08/21,台灣尖端先進生技醫藥股份有限公司—珍藏中心附屬GTP實驗室,,,
28,108DOMA134,財團法人私立高雄醫學大學附設中和紀念醫院,執行中 (Ongoing),自體免疫細胞治療- DC,第一至第三期實體癌，經標準治療無效,乳癌,醫學中心 Medical Center,高雄市,高雄市三民區十全一路100號,http://www.kmuh.org.tw/cwlo0623@gmail.com,侯明鋒、陳芳銘、歐陽賦、甘蓉瑜、蕭君平、巫承哲、李忠良、唐世豪、劉益昌、蕭惠樺,一個療程10劑，共收取180萬元(疫苗製作費30萬元，第1~4劑20萬元、第5~6劑15萬元、第7~8劑10萬元、第9~10劑7.5萬元，末期款5萬元),1. 預定療程仍可能因後續之病情變化或治療效果而有所調整。採每項目按實際進度收費。(疫苗製作費30萬元，第1~4劑20萬元、第5~6劑15萬元、第7~8劑10萬元、第9~10劑7.5萬元，末期款5萬元)2. 退費原則：若疫苗輸注當天，已經個管師確認病患能如期施打並通知長聖細胞製劑廠進行疫苗解凍，後又因病患個人因素無法於解凍後48小時內進行施打，將依照產品存放標準銷毀該次之疫苗；如醫師判定為非病患個人因素而無法施打者，則退費歸還每劑費用。,2020/02/13,2022/05/14,長聖生技中科細胞製劑廠,,,
29,108DOMA091,光田醫療社團法人光田綜合醫院,執行中 (Ongoing),自體免疫細胞治療- DC,實體癌第四期,多型性膠質母細胞瘤及續發性腦癌、上皮性卵巢癌、胰臟癌、攝護腺癌、頭頸癌、肝癌、乳癌、大腸直腸癌,區域醫院 Regional Hospital,臺中市,臺中市沙鹿區沙田路117號,http://www.ktgh.com.tw/04-2662-5111 #2001/ chiachuchang0312@gmail.com,1. 多型性膠質母細胞瘤及續發性腦癌：陳子勇、林牧熹、郭集慶；2. 上皮性卵巢癌：蘇棋楓、郭集慶；3. 胰臟癌：郭集慶、王少君；4. 攝護腺癌：盧智強、郭集慶、張家築、王家良；5. 頭頸癌：郭集慶、王少君；6. 肝癌：柯萬盛、郭集慶；7. 乳癌：郭集慶、王少君；8. 大腸直腸癌：郭集慶、王少君；,疫苗製作費30萬元，第1~4劑20萬元、第5~6劑15萬元、第7~8劑10萬元、第9~10劑7.5萬元，末期款5萬元，共180萬元。,1. 預定療程仍可能因後續之病情變化或治療效果而有所調整。採每項目按實際進度收費。(疫苗製作費30萬元，第1~4劑20萬元、第5~6劑15萬元、第7~8劑10萬元、第9~10劑7.5萬元，末期款5萬元)2. 退費原則：若疫苗輸注當天，已經個管師確認病患能如期施打並通知長聖細胞製劑廠進行疫苗解凍，後又因病患個人因素無法於解凍後48小時內進行施打，將依照產品存放標準銷毀該次之疫苗；如醫師判定為非病患個人因素而無法施打者，則退費歸還每劑費用。,2019/12/18,2022/05/14,長聖生技中科細胞製劑廠,,,
30,108DOMA015,澄清綜合醫院中港分院,執行中 (Ongoing),自體免疫細胞治療- CIK,實體癌第四期,"實體癌第四期；癌症別：乳癌/Breast cancer 、肺癌 /Lung cancer (NSCLC & 、大腸直腸癌 /Colorectal cancer 、頭頸癌 /Head and neck cancer 含鼻咽癌 、食道癌 /Esophageal cancer 、胃癌 /Gastric cancer 、胰臟癌 /Pancreatic cancer 、膽道癌 /Cholangiocarcinoma 、肝癌 /Liver cancer 、腎臟癌 /Kidneycancer 、膀胱癌 /Bladder cancer 、攝護腺癌 /Prostate cancer 、卵巢癌 /Ovarian cancer 、子宮頸癌 /Cervical cancer 、子宮內膜癌 /Endometrial cancer 、生殖細胞癌 /Germ cell tumor 、軟組織肉瘤 /Soft ti ssue sarcoma ( 含基質瘤 、腦部惡性腫瘤 /Glioblastoma 、神經內分泌癌/neuroendocrine tumor or carcinoma 、皮膚癌 /Skin cacner (Melanoma, BCC, 、甲狀腺癌 /Thyroid cancer 、腎上腺癌 /Adrenocortical carcinoma 。",區域醫院 Regional Hospital,臺中市,臺中市西屯區臺灣大道4段966號、臺中市西屯區敬德街8號之1號、臺中市西屯區福林里2鄰福康路8號,澄清綜合醫院中港分院管理中心何碧宜管理師官網網址: http://ccgh.com.tw/,鍾元強醫師、黃仁杰醫師、張景明醫師、陳仁亮醫師、劉杜鎮醫師、林進盛醫師、黃泰榮醫師、王稚暉醫師,依照本治療計畫設計，一個療程共 6 次細胞回輸治療 所以在療程期間 病人 需 被採集 6 次各 30ml 的血液，每 30ml 的血液可供 1 次 2.0~2.5 × 10 9 CIK 細胞回輸 。本療程6 次細胞回輸治療總費用新台幣 18 0 萬元，平均一劑細胞產品 費用為新台幣 30 萬元。而本療程是以單劑收費， 30 萬治療費包含細胞培養費 採集血液檢體、常規血檢、實驗室細胞培養 24 萬元與治療處置費 細胞產品回輸處置、 癌症生活品質量表檢測評估 6 萬元。,依照本治療計畫設計，一個療程共 6 次細胞回輸治療 所以在療程期間 病人 需 被採集 6 次各 30ml 的血液，每 30ml 的血液可供 1 次 2.0~2.5 × 10 9 CIK 細胞回輸 。本療程6 次細胞回輸治療總費用新台幣 18 0 萬元，平均一劑細胞產品 費用為新台幣 30 萬元。而本療程是以單劑收費， 30 萬治療費包含細胞培養費 採集血液檢體、常規血檢、實驗室細胞培養 24 萬元與治療處置費 細胞產品回輸處置、 癌症生活品質量表檢測評估 6 萬元。此外依據病人同意書中提及，若病人因個人因素無法按時回診治療或未提前告知操作醫師無法就診，導致細胞已完成包裝標示並運送到本院而無法施行回輸治療時，細胞製品將會依本院生物感染廢棄物操作流程銷毀，不做任 何儲存保管之動作，以降低病人回輸之風險。而該次回輸的損失需由病人全額自行負擔 。,2020/02/13,2023/02/12,瑞寶生醫GTP實驗室,,,
31,108DOMA018,中山醫學大學附設醫院,執行中 (Ongoing),自體免疫細胞治療- DC,實體癌第四期,實體癌第四期，癌症別：卵巢癌、子宮頸癌、乳癌、胰臟癌、大腸直腸癌、肺癌、肺腺癌、膀胱癌、攝護腺癌、腎細胞癌、多型性膠質母細胞瘤及續發性腦癌。,醫學中心 Medical Center,臺中市,台中市南區建國北路一段一一○號,https://www.csh.org.tw/,1、卵巢癌及子宮頸癌：曾志仁、王博輝、廖文良、李宗賢、林隆堯、沈煌斌。2、乳癌：葉名焮。3.胰臟癌：彭正明、楊耀坤、謝慶隆。4、大腸直腸癌：林敬斌、蔡鎬鴻、田雨生。5、肺癌及肺腺癌：曹昌堯、陳志毅、吳子卿、吳銘芳。6、膀胱癌、攝護腺癌及腎細胞癌：陳順郎。7、多型性膠質母細胞瘤及續發性腦癌：周希諴、楊道杰、陳斯逸、劉榮東。,180萬元整,"本院擬分成三階段向病患收取一療程十次施打針劑新台幣1,800,000元，第一階段收費在簽署知情同意書後，檢體收受前收取百分之四十之款項，第二階段於第三次針劑施打前收取百分之三十款項，第三階段於第七次針劑施打前收取剩餘百分之三十款項；收取之款項分別為新台幣720,000元、與540,000元與540,000元。 本計畫依照「四、治療效果之評估及追蹤方式」規劃，於每次回診進行治療成效評估，其中臨床症狀以CT或MRI影像追蹤為主，病人觀感則以EORTC設計之生活品質(QLQ-C30)問卷評估。各階段需先確認病患治療成效(即腫瘤無復發)，方進行第二階段及第三階段收費。尚未接受治療前，若病患因疾病因素或醫師判斷不進行治療，解除委託治療協議，本院將於一個月內依據病患進行的階段扣除相關必要費用後（主要為世福公司投入細胞製程之相關成本，以及本院基本管銷費用與周邊血液分離術之費用）完成退費：（1）完成腫瘤細胞培養作業/尚未接受治療前，須扣除腫瘤細胞培養之必要費用為新台幣150,000元，及本院基本管銷費用新台幣50,000元；（2）完成腫瘤細胞培養作業/周邊血液分離術/尚未接受治療前，則須扣除腫瘤細胞培養及免疫細胞製備之必要費用為新台幣300,000元，以及本院基本管銷費用與周邊血液分離術之費用為新台幣100,000元。療程中若因故需中止治療，屬病患或家屬提出者，則已繳交之費用概不退還；若病患發生腫瘤惡化，視為治療成效不佳，或因其他安全性考量，醫師判定停止給予本計畫之治療，或者其他無法預期因素，未能按原治療療程，例如治療期間死亡、發生併發症等，則依未施打針劑數比例退還，且不再繼續施打而收取費用。若因製程因素導致收案前置作業（腫瘤細胞培養及免疫細胞製備）無法完成，則第一階段收費將全額退費。依台中市政府衛生局核定：腫瘤組織及細胞培養收費20萬，周邊血液分離術及免疫細胞製備收費20萬，療程第一次收費18萬5千元，療程第二次至第十次均收費13萬5千元。",2020/02/27,2023/02/26,,,,
32,109DOMA015,童綜合醫療社團法人童綜合醫院,執行中 (Ongoing),自體免疫細胞治療- CIK,實體癌第四期,"實體癌第四期；癌症別：乳癌/Breast cancer 、肺癌 /Lung cancer (NSCLC & 、大腸直腸癌 /Colorectal cancer 、頭頸癌 /Head and neck cancer 含鼻咽癌 、食道癌 /Esophageal cancer 、胃癌 /Gastric cancer 、胰臟癌 /Pancreatic cancer 、膽道癌 /Cholangiocarcinoma 、肝癌 /Liver cancer 、腎臟癌 /Kidneycancer 、膀胱癌 /Bladder cancer 、攝護腺癌 /Prostate cancer 、卵巢癌 /Ovarian cancer 、子宮頸癌 /Cervical cancer 、子宮內膜癌 /Endometrial cancer 、生殖細胞癌 /Germ cell tumor 、軟組織肉瘤 /Soft ti ssue sarcoma ( 含基質瘤 、腦部惡性腫瘤 /Glioblastoma 、神經內分泌癌/neuroendocrine tumor or carcinoma 、皮膚癌 /Skin cacner (Melanoma, BCC, 、甲狀腺癌 /Thyroid cancer 、腎上腺癌 /Adrenocortical carcinoma 。",區域醫院 Regional Hospital,臺中市,臺中市梧棲區臺灣大道八段699號、臺中市沙鹿區成功西街8號,童綜合醫療社團法人童綜合醫院 醫學研究部副主任：張祐剛 / 0927-671469官網網址: https://www.sltung.com.tw/,沈俊佑、歐宴泉、許弘毅、賴炳村、廖兆旺、謝肇新、鄒順生、葉啟源、許兆畬、吳再坤、蔡青劭、洪豪駿、郭敏勇、鄭宇傑、陳昶旭、李志賢、錢新南、黃立華、張凱惟、李毅彥、林益聖、蔡穎瀚、呂謹亨、曾耀賢、黃尚堅、劉曼莉。,依照本治療計畫設計，一個療程共 6 次細胞回輸治療 所以在療程期間 病人 需 被採集 6 次各 30ml 的血液，每 30ml 的血液可供 1 次 2.0~2.5 × 10 9 CIK 細胞回輸 。本療程6 次細胞回輸治療總費用新台幣 18 0 萬元，平均一劑細胞產品 費用為新台幣 30 萬元。而本療程是以單劑收費， 30 萬治療費包含細胞培養費 採集血液檢體、常規血檢、實驗室細胞培養 24 萬元與治療處置費 細胞產品回輸處置、 癌症生活品質量表檢測評估 6 萬元。,依照本治療計畫設計，一個療程共 6 次細胞回輸治療 所以在療程期間 病人 需 被採集 6 次各 30ml 的血液，每 30ml 的血液可供 1 次 2.0~2.5 × 10 9 CIK 細胞回輸 。本療程6 次細胞回輸治療總費用新台幣 18 0 萬元，平均一劑細胞產品 費用為新台幣 30 萬元。而本療程是以單劑收費， 30 萬治療費包含細胞培養費 採集血液檢體、常規血檢、實驗室細胞培養 24 萬元與治療處置費 細胞產品回輸處置、 癌症生活品質量表檢測評估 6 萬元。此外依據病人同意書中提及，若病人因個人因素無法按時回診治療或未提前告知操作醫師無法就診，導致細胞已完成包裝標示並運送到本院而無法施行回輸治療時，細胞製品將會依本院生物感染廢棄物操作流程銷毀，不做任 何儲存保管之動作，以降低病人回輸之風險。而該次回輸的損失需由病人全額自行負擔 。,2020/06/30,2023/02/12,瑞寶生醫GTP實驗室,,,
33,108DOMA015,澄清綜合醫院中港分院,執行中 (Ongoing),自體免疫細胞治療- CIK,實體癌第四期,"乳癌/Breast cancer 、肺癌 /Lung cancer (NSCLC & 、大腸直腸癌 /Colorectal cancer 、頭頸癌 /Head and neck cancer (含鼻咽癌 )、食道癌 /Esophageal cancer 、胃癌 /Gastric cancer 、胰臟癌 /Pancreatic cancer 、膽道癌 /Cholangiocarcinoma 、肝癌 /Liver cancer 、腎臟癌 /Kidneycancer 、膀胱癌 /Bladder cancer 、攝護腺癌 /Prostate cancer 、卵巢癌 /Ovarian cancer 、子宮頸癌 /Cervical cancer 、子宮內膜癌 /Endometrial cancer 、生殖細胞癌 /Germ cell tumor 、軟組織肉瘤 /Soft ti ssue sarcoma (含基質瘤)、腦部惡性腫瘤 /Glioblastoma 、神經內分泌癌/neuroendocrine tumor or carcinoma 、皮膚癌 /Skin cacner (Melanoma, BCC, 、甲狀腺癌 /Thyroid cancer 、腎上腺癌 /Adrenocortical carcinoma 。",區域醫院 Regional Hospital,臺中市,臺中市西屯區臺灣大道4段966號、臺中市西屯區敬德街8號之1號、臺中市西屯區福林里2鄰福康路8號,澄清綜合醫院中港分院管理中心何碧宜管理師官網網址: http://ccgh.com.tw/,鍾元強醫師、黃仁杰醫師、張景明醫師、陳仁亮醫師、劉杜鎮醫師、林進盛醫師、黃泰榮醫師、王稚暉醫師,依照本治療計畫設計，一個療程共 6 次細胞回輸治療 所以在療程期間 病人 需 被採集 6 次各 30ml 的血液，每 30ml 的血液可供 1 次 2.0~2.5 × 10 9 CIK 細胞回輸 。本療程6 次細胞回輸治療總費用新台幣 18 0 萬元，平均一劑細胞產品 費用為新台幣 30 萬元。而本療程是以單劑收費， 30 萬治療費包含細胞培養費 採集血液檢體、常規血檢、實驗室細胞培養 24 萬元與治療處置費 細胞產品回輸處置、 癌症生活品質量表檢測評估 6 萬元。,依照本治療計畫設計，一個療程共6次細胞回輸治療，所以在療程期間病人需被採集6次各30ml的血液，每30ml的血液可供1次2.0~2.5×109CIK細胞回輸。本療程6次細胞回輸治療總費用新台幣180萬元，平均一劑細胞產品費用為新台幣30萬元。而本療程是以單劑收費，30萬治療費包含細胞培養費(採集血液檢體、常規血檢、實驗室細胞培養)24萬元與治療處置費(細胞產品回輸處置、癌症生活品質量表檢測評估)6萬元。當病人完成簽屬病人同意書後，於第一次診療日準備採集第一次30ml血液時，本院會向病人收取第一階段的費用新台幣24萬元整，本院會在病例系統中新增一項『細胞治療費』，將整個細胞療程之費用歸入本醫療項目中，再請病人至批價櫃台以現金或信用卡方式繳費。待病人完成每一針劑細胞回輸後一週，須回診接受自主性的「癌症生活品質評估量表」檢測，依檢測結果與醫師建議決定繼續療程。則需繳交該針劑之治療處置費用新台幣6萬元與新針劑之細胞培養費用新台幣24萬，並抽血30ml為新針劑細胞培養所用。若病人經評估後決定不再進行療程，則不收取治療處置費新台幣6萬元。此外依據病人同意書中提及，若病人因個人因素無法按時回診治療或未提前告知操作醫師無法就診，導致細胞已完成包裝標示並運送到本院而無法施行回輸治療時，細胞製品將會依本院生物感染廢棄物操作流程銷毀，不做任何儲存保管之動作，以降低病人回輸之風險。而該次回輸的損失需由病人全額自行負擔。療程期間，所有任何因人為因素或是不可抗拒之因素造成損失產生，而衍生後續責任追究及退款事宜，則依下表說明執行。補償退費說明:發生狀況	解決方案P1. 治療期間，因個人因素決定不接受細胞治療。	S1.已抽血部分，不退細胞處理費24萬元。病患未接受細胞治療，不收治療費6萬元。P2. 治療期間，因不可避免之因素而無法再接受細胞治療(經醫師評估病人身體狀況不適合繼續接受治療、病況迅速惡化而產生併發症無法治療、發生嚴重不良反應及死亡)。	S2.已抽血部分，不退細胞處理費24萬元。病患未接受細胞治療，不收治療費6萬元。P3. 因病人血品因素，而導致細胞培養未達規格，無法出貨。	S3. 退還單劑細胞處理費24萬元。病患未接受細胞治療，不收治療費6萬元。P4. 細胞製備場所(CPU)無法產出符合規格之細胞製品。	S4. 退還單劑細胞處理費24萬元。病患未接受細胞治療，不收治療費6萬元。P5. 經醫師評估，病人身體狀況不適合該次細胞回輸治療。	S5. 已抽血部分，不退細胞處理費24萬元。病患未接受細胞治療，不收治療費6萬元。P6. 無法預期之天災或意外。	S6. 已抽血部分，不退細胞處理費24萬元。病患未接受細胞治療，不收治療費6萬元。P7. 經中央主管機構終止本治療計畫。	S7. 療程中的病人皆全額退費。,2020/02/13,2023/02/12,瑞寶生醫GTP實驗室,,,
34,108DOMA128,臺南市立安南醫院一委託中國醫藥大學興建經營,執行中 (Ongoing),自體免疫細胞治療- DC,第一至第三期實體癌，經標準治療無效,第一至二級低度膠質細胞瘤和第三級高度惡性膠質瘤、上皮性卵巢癌、胰臟癌、攝護腺癌、頭頸癌、肝癌、乳癌、大腸直腸癌。,區域醫院 Regional Hospital,臺南市,臺南市安南區長和路二段66號,http://www.tmanh.org.tw/,１、第一至二級低度膠質細胞瘤和第三級高度惡性膠質瘤：莊皓宇、詹凱翔。２、上皮性卵巢癌、胰臟癌、攝護腺癌、頭頸癌、肝癌、乳癌、大腸直腸癌：蔡宗欣、林明賢、梁永昌、蔡銘駿、方彥博、許峻誠、張財旺、黃德佳、林明鴻、唐慧君、朱彥澤、程正鑫、劉金瑞、林延淞、詹凱翔。,擬訂總收費金額為180萬，然預定療程仍可能因後續之病情變化或治效果而有所調整。實際收費採每項目按進度，詳細計價及原則內容述如下A.細胞製作費：a.第一階段(腫瘤細胞 )：因已投入細胞製做必要成本，如病人檢體不足仍需收取細胞製作費15萬。b.第二階段(免疫細胞 )：因已投入細胞製做必要成本，如病人檢體不足仍需收取細胞製作費15萬。B.第1-10劑收費：依施打數，惟若已確認病人能如期並由細胞製劑廠進行細胞解凍，後因病人個素無法於解凍後48小時內施打者，將依照產品存放標準銷毀該次細胞，並視同已施打進行收費。C.末期款：PFS、OS、QoL其中一項評估指標改善即收末期款5萬。,"(1)每項目按實際進度收費a.疫苗製作材料暨檢測費：第1階段15萬、第2階段15萬。b.第1-4周：施打第1-4劑，每劑20萬。c.第6周：施打第5劑，每劑15萬。d.第8周：施打第6劑，每劑15萬。e.第12周：施打第7劑，每劑10萬。f.第16周：施打第8劑，每劑10萬。g.第20周：施打第9劑，每劑7.5萬。h.第24周：施打第10劑，每劑7.5萬。i.第25~28周：評估指標達成後給予末期款5萬元。(2)疫苗製作材料暨檢測費為 台幣 560,000元，包含之工作項目 :A.疫苗製作成本(腫瘤組織萃取癌細胞並製作足夠之腫瘤抗原，並製作樹突細胞疫苗ADCV01，產出最終產品):台幣21萬元。B.疫苗檢測成本(無菌/黴漿菌/內毒素/鑑別/效價檢測):台幣35萬元。(3) 退費原則：若疫苗輸注當天，已經個管師確認病患能如期施打並通知長聖細胞製劑廠進行疫苗解凍，後又因病患個人素無法於進行疫苗解凍，後又因病患個人素無法於解凍後48小時內進行施打，將依照產品存放標準銷毀該次之疫苗，亦比照上述說明收費；如醫師判定為非病患個人因素而無法施打者，如：病人身體狀況經醫師評估不適合繼續接受治療或因其他無法預期因素，未能按原治療計畫完成程 (如治療期間死亡、發生併症等)，則退費歸還每劑費用。",2020/01/13,2022/05/14,長聖生技中科細胞製劑廠,,,
35,108DOMA139,奇美醫療財團法人奇美醫院,執行中 (Ongoing),自體免疫細胞治療- DC,實體癌第四期,實體癌第四期；癌症別：多型性膠質母細胞瘤及續發性腦瘤、上皮性卵巢癌、胰臟癌、攝護腺癌、頭頸癌、肝癌、乳癌、大腸直腸癌。,醫學中心 Medical Center,臺南市,台南市永康區中華路901、台南市南區樹林街二段442號,https://www.chimei.org.tw/main/cmh_department/top/59017/index.html06-2812811轉52975,馮盈勳，陳威宇，黃健泰，吳鴻昌，郭雨萱，康乃文,一個療程10劑，共收取180萬元,1.一個療程10劑，共收取180萬元。分別是疫苗製作費30萬元，第1~4劑每劑20萬元、第5~6劑每劑15萬元、第7~8劑每劑10萬元、第9~10劑每劑7.5萬元，末期款5萬元。2.退費原則：若疫苗輸注當天，已經個管師確認病患能如期施打並通知長聖細胞製劑廠進行疫苗解凍，後又因病患個人因素無法於解凍後48小時內進行施打，將依照產品存放標準銷毀該次之疫苗；如醫師判定為非病患個人因素而無法施打者，則退費歸還每劑費用。,2020/02/19,2022/05/14,長聖生技中科細胞製劑廠,,,
36,109DOMA021,中山醫學大學附設醫院,執行中 (Ongoing),自體免疫細胞治療- CIK,實體癌第四期,肺癌第四期(Lung Cancer Stage IV )、肝癌第四期(Liver  Cancer Stage IV ),醫學中心 Medical Center,臺中市,台中市南區建國北路一段一一○號,https://www.csh.org.tw/,呂學儒、曹昌堯、彭正明、謝慶隆、吳銘芳、曾顯群、周英香、李岳駿、林敬斌、陳志毅、吳子卿,【Ａ方案】：含第一階段6針，新臺幣180萬元整；第二階段8針，新臺幣240萬元整。【Ｂ方案】：含第一階段8針，新臺幣240萬元整；第二階段8針，新臺幣240萬元整。【追加方案】：含6針，新臺幣180萬元整。,"收費方式:1.細胞治療針劑費單針費用為新臺幣30萬元整,包含培養技術費24萬元整與品質成效費6萬元整。2.培養技術費24萬元整包含本中心醫療服務、實驗室細胞製備等費用，採單次抽血培養收取，需於每次針劑抽血前繳交。3.品質成效費於療程階段完成後，依照評量結果統一收取，若療程中斷則不收取累積之品質成效費(說明：若選擇方案A，於施打療程最後1針結束後評估，進行繳交共6針品質成效費用36萬元整)。4.經由醫師給予專業建議及討論後，病患可自行選擇療程方案，療程分為A方案、B方案及追加方案：【Ａ方案】：含第一階段6針，新臺幣180萬元整；第二階段8針，新臺幣240萬元整。【Ｂ方案】：含第一階段8針，新臺幣240萬元整；第二階段8針，新臺幣240萬元整。【追加方案】：含6針，新臺幣180萬元整。特殊狀況處理:1.療程中斷: 如有下方所述之特殊狀況，導致療程中斷，則不收取所累積之品質成效費。(1)病患個人因素未能完成療程(例如:自行中斷治療、自願退出治療)。(2)不可避免事件(例如:因病情無法繼續 治療、疾病因素導致之併發症、篩選期到第一針細胞治療開始前惡化無法 治療、發生嚴重不良反應或療程期間死亡)。2.療程未中斷: 如有下方所述之特殊狀況，下次細胞治療針劑之費用，僅酌培養技術費210,000，另不收取該次品質成效費。(1)病患細胞狀況，造成細胞製備場所無法培養規格數量。(2)細胞治療針劑成品，無法達允收標準造成產品不放行。3.如有下方所述之特殊狀況，下次細胞治療針劑，僅酌培養技術費90,000，另不收取該次品質成效費。(1)操作醫師評估後判定病患身體狀況不適合施打。(2)無法預期之天災。4.細胞治療技術計畫中斷: 如遇有經中央主管機關停止或終止本細胞治療技術計畫之情形，所有於計畫治療中之病人將全額退費 。",2020/07/14,2022/05/02,長春藤細胞培養處理中心,,,
37,108DOMA051,中山醫學大學附設醫院,執行中 (Ongoing),自體免疫細胞治療- CIK,實體癌第四期,實體癌第四期膠質母細胞瘤(Glioblastoma)、實體癌第四期鼻咽癌(Nasopharyngeal Cancer)、實體癌第四期食道癌(Esophageal Cancer )、實體癌第四期乳癌(Breast  Cancer )、實體癌第四期肺癌(Lung Cancer )、實體癌第四期肝癌(Hepatocellular carcinoma )、實體癌第四期胰臟癌(Pancreatic   Cancer )、實體癌第四期腎臟癌(Renal Cell  carcinoma )、實體癌第四期胃癌(Gastric   Cancer )、實體癌第四期大腸直腸癌(Colorectal  Cancer )、實體癌第四期卵巢癌(Ovarian  Cancer )、實體癌第四期子宮頸癌(Cervical    carcinoma )、實體癌第四期惡性黑色素瘤(Malignant melanoma),醫學中心 Medical Center,臺中市,台中市南區建國北路一段一一○號,https://www.csh.org.tw/,曾志仁、王博輝、廖文良、李宗賢、林隆堯、沈煌彬、彭正明、謝慶隆、曹昌堯、吳銘芳、呂學儒、莊俊義、沈昭諭、吳明基、蔡鎬鴻、田雨生、林敬斌、陳志毅、吳子卿、曾顯群、周英香、李岳駿、陳順郎、周希諴、楊道杰、陳斯逸、劉榮東、葉名焮,87萬元整,"一個療程共六次回輸，採取四個階段收費：第一階段（抽血當日）收費金額87,000元整，第二階段（第一次回輸當次）收費金額304,500元整，第三階段（第四次回輸）收費金額304,500元整，第四階段（患者完成６次回輸後２週的檢查）收費金額174,000元整",2020/07/15,2023/07/14,高雄沛爾生技醫藥股份有限公司,,,
38,108DOMA050,中山醫學大學附設醫院,執行中 (Ongoing),自體免疫細胞治療- CIK,第一至第三期實體癌，經標準治療無效,經標準治療無效之第一至第三期肺癌(Lung Cancer )、經標準治療無效之第一至第三期肝癌(Hepatocellular carcinoma、經標準治療無效之第一至第三期乳癌(Breast  Cancer )、經標準治療無效之第一至第三期大腸直腸癌(Colorectal  Cancer )、經標準治療無效之第一至第三期胰臟癌(Pancreatic  Cancer ) 、經標準治療無效之第一至第三期胃癌(Gastric  Cancer )、經標準治療無效之第一至第三期卵巢癌(Ovarian  Cancer )、經標準治療無效之第一至第三期惡性黑色素瘤(Malignant melanoma)、經標準治療無效之第一至第三期子宮內膜癌(Endometrial  Carcinoma ) 、經標準治療無效之第一至第三期子宮頸癌(Cervical  carcinoma )、 經標準治療無效之第一至第三期鼻咽癌(Nasopharyngeal Cancer) 、 經標準治療無效之第一至第三期腎臟癌(Renal Cell carcinoma )、 經標準治療無效之第一至第三期膀胱癌(Bladder  Cancer),醫學中心 Medical Center,臺中市,台中市南區建國北路一段一一○號,https://www.csh.org.tw/,曾志仁、王博輝、廖文良、李宗賢、林隆堯、沈煌彬、彭正明、謝慶隆、曹昌堯、吳銘芳、呂學儒、莊俊義、沈昭諭、吳明基、蔡鎬鴻、田雨生、林敬斌、陳志毅、吳子卿、曾顯群、周英香、李岳駿、陳順郎、葉名焮。,87萬元整,"一個療程共六次回輸，總收費金額為87萬元整，將採取四個階段收費：第一階段（抽血當日）收費比例：10%，收費金額87,000元整，此階段因進行採血及樣品處理，故不進行退費。若無法產生符合規格之細胞製品(檢體量不足)：建議病人重新抽血，以製造符合規格之細胞製品；重新抽血將不會額外收取其他費用。第二階段（第一次回輸當次）收費比例：35%，收費金額304,500元整。第三階段（第四次回輸）收費比例：35%，收費金額304,500元整。第二及第三階段退費機制：1. 病人身體狀況經醫師評估不適合繼續接受治療，或因其他無法預期因素，如治療期間死亡、發生併發症，未能按原治療計畫完成療程者，依療程施打比例來收取第二階段及第三階段之費用，如未完成療程與效果評估，則不收取第四階段費用，若已收取費用，依照未回輸次數進行比例退費。2. 如檢體量不足時，建議病人可重新抽血，將不額外再收取費用。3. 如發生細胞培養不符合規格時，當次將無進行回輸，依照未回輸次數進行比例退費。第四階段（患者完成６次回輸後２週的檢查）收費比例：20%，收費金額174,000元整。第四階段退費機制：1. 主要以 RECIST 評估患者對細胞治療的臨床反應，如果評估病患無惡化(即部分緩解或穩定者)，將收取最後費用。2. 另亦參考病患回診時所進行癌症治療相關生活品質量表(FACT-G第四版)評量。",2020/07/15,2023/07/14,高雄沛爾生技醫藥股份有限公司,,,
39,108DOMA017,佛教慈濟醫療財團法人花蓮慈濟醫院,執行中 (Ongoing),自體免疫細胞治療- NK,實體癌第四期,癌症別：結腸直腸癌、肺癌、乳癌、肝癌、頭頸癌、攝護腺癌、胰臟癌、腦癌,醫學中心 Medical Center,花蓮縣,花蓮縣花蓮市中央路三段707號,孫立易主任03-8561825 # 15931,李啟誠、王佐輔、黃威翰、林欣榮、邱琮朗、蔡昇宗,細胞治療現為自費項目(無健保給付)，治療費用昂貴，且治療反應(效果)因個人體質具不確定性，又因晚期癌症病患的情況很多，在兼顧病患的權益及減少爭議發生，本治療採用以療程為收費單位，一個基本療程共6 針，收費金額總費用為新台幣一百五十萬元整，每一針NK 細胞製品治療服務費用約為新台幣二十五萬元整。,收費金額: 一個基本療程共6 針，其費用包括醫療院所實行費用及細胞製備費用，合計總費用為新台幣150 萬元。諮詢門診及第一次抽血門診相關費用均單獨收費，病人確定進入療程後在進行NK 細胞製品輸注完成時，該次出院時批價收費。收費方式每一針約為新台幣25 萬元，其中每一針的預扣約新台幣2 萬元，待完成一個基本療程6 針後的四週內執行治療成效評估，且評估療效後達到治療成效目標，則病人需補繳回每一針的預扣約新台幣2 萬元，共12.4 萬元；若評估為無效，則不需補繳此預扣費用。可能風險之不同收費方式：施打當天未完成療程可分為因病人因素與非病人因素，若為病人因素則需負擔每一次的產生的醫療費用與細胞製備生產費用，若為非病人因素則只需負擔已產生的醫療費用。非病人因素：• 若病患培養後的NK 細胞產品未達放行標準(細胞數6-50億個細胞；純度>=70%；存活率>=70%)則此產品視為不合格品，不出廠(銷毀)，將再根據病患意願，如願意繼續進行治療則再進行一次培養，若無意願則不收取該次細胞製備生產費用。 病人因素：• 若病患未能於約定時間內按時返診實施當次細胞製品治療(如病患自行中斷治療、其他無法預期因素、病情加重或身故)，導致細胞製品過期無法施打，則收取該次細胞製備生產費用。,2020/08/10,2023/02/02,基亞生物科技股份有限公司細胞製備工廠,,,
40,108DOMA009,佛教慈濟醫療財團法人花蓮慈濟醫院,執行中 (Ongoing),自體骨髓間質幹細胞移植,退化性關節炎及膝關節軟骨缺損,"退化性膝關節炎是一種關節疾病，主要影響軟骨。軟骨是在關節內覆蓋骨骼末端的光滑組織。患有退化性膝關節炎的人的軟骨頂層破裂和耗損，使得軟骨下的骨骼互相摩擦，導致疼痛、腫脹和關節活動範圍(Range of Motion, ROM)減小，進而使膝關節變形。隨著生物科技的進步，細胞治療在軟骨重建的應用上已經日益成熟，也有細胞產品在國外核准上市。本細胞治療技術計畫為使用自體骨髓(Bone Marrow, BM)間質幹細胞(Mesenchymal Stem Cells, MSCs)作為退化性膝關節炎之治療，以膝關節內(Intra-articular, IA)注射單一劑量方式施行，並於 48 週進行療效追蹤，療效評估包括臨床與影像學評估。",醫學中心 Medical Center,花蓮縣,花蓮縣花蓮市中央路三段707號,孫立易主任03-8561825 #15931,陳英和、吳文田、葉光庭、劉冠麟、吳坤佶、鄺世通、許世祥,療程分為六階段，每階段執行當天才進行批價收費，若因任何原因未達到該階段，則不預先收費。,"費用收取方式： (分為「單側施打」及「雙側施打」 )單側施打：諮詢與篩檢  18,669取髓及細胞培養  11,849細胞輸注  168,155追蹤 1  7,977追蹤 2  7,511追蹤 3  7,511追蹤 4  58,626總金額  326,179雙側施打：金額(不含門診藥費) 諮詢與篩檢  30,195 取髓及細胞培養  11,849 細胞輸注  408,155 追蹤 1  8,518 追蹤 2  8,052 追蹤 3  8,052 追蹤 4  110,152 總金額  584,973",2020/08/14,2022/08/21,台灣尖端先進生技醫藥股份有限公司-珍藏中心附屬GTP實驗室,,,
41,109DOMA031,宏恩醫療財團法人宏恩綜合醫院,執行中 (Ongoing),自體免疫細胞治療- CIK,實體癌第四期,肺癌第四期(Lung Cancer Stage IV )、肝癌第四期(Liver Cancer Stage IV ),地區醫院 District Hospital,臺北市,臺北市大安區仁愛路四段71巷1號,https://www.country.org.tw/,朱紀洪、黃心慈,【Ａ方案】：含第一階段6針，新臺幣180萬元整；第二階段8針，新臺幣240萬元整。【Ｂ方案】：含第一階段8針，新臺幣240萬元整；第二階段8針，新臺幣240萬元整。【追加方案】：含6針，新臺幣180萬元整。,"收費方式:1.細胞治療針劑費單針費用為新臺幣30萬元整,包含培養技術費24萬元整與品質成效費6萬元整。2.培養技術費24萬元整包含本中心醫療服務、實驗室細胞製備等費用，採單次抽血培養收取，需於每次針劑抽血前繳交。3.品質成效費於療程階段完成後，依照評量結果統一收取，若療程中斷則不收取累積之品質成效費(說明：若選擇方案A，於施打療程最後1針結束後評估，進行繳交共6針品質成效費用36萬元整)。4.經由醫師給予專業建議及討論後，病患可自行選擇療程方案，療程分為A方案、B方案及追加方案：【Ａ方案】：含第一階段6針，新臺幣180萬元整；第二階段8針，新臺幣240萬元整。【Ｂ方案】：含第一階段8針，新臺幣240萬元整；第二階段8針，新臺幣240萬元整。【追加方案】：含6針，新臺幣180萬元整。特殊狀況處理:1.療程中斷: 如有下方所述之特殊狀況，導致療程中斷，則不收取所累積之品質成效費。(1)病患個人因素未能完成療程(例如:自行中斷治療、自願退出治療)。(2)不可避免事件(例如:因病情無法繼續 治療、疾病因素導致之併發症、篩選期到第一針細胞治療開始前惡化無法 治療、發生嚴重不良反應或療程期間死亡)。2.療程未中斷: 如有下方所述之特殊狀況，下次細胞治療針劑之費用，僅酌培養技術費210,000，另不收取該次品質成效費。(1)病患細胞狀況，造成細胞製備場所無法培養規格數量。(2)細胞治療針劑成品，無法達允收標準造成產品不放行。3.如有下方所述之特殊狀況，下次細胞治療針劑，僅酌培養技術費90,000，另不收取該次品質成效費。(1)操作醫師評估後判定病患身體狀況不適合施打。(2)無法預期之天災。4.細胞治療技術計畫中斷: 如遇有經中央主管機關停止或終止本細胞治療技術計畫之情形，所有於計畫治療中之病人將全額退費 。",2020/08/14,2022/05/02,長春藤細胞培養處理中心,,,
